date,close,mkt_ret,rf_daily,mkt_excess
2016-09-20,2139.76,0.00029919,6.7403e-06,0.00029245
2016-09-21,2163.12,0.01091711,4.7591e-06,0.01091235
2016-09-22,2177.18,0.00649987,3.9663e-06,0.0064959
2016-09-23,2164.69,-0.00573678,3.5698e-06,-0.00574035
2016-09-26,2146.1,-0.00858783,4.7591e-06,-0.00859259
2016-09-27,2159.93,0.00644425,6.3442e-06,0.0064379
2016-09-28,2171.37,0.00529647,5.5517e-06,0.00529092
2016-09-29,2151.13,-0.0093213,4.7591e-06,-0.00932606
2016-09-30,2168.27,0.00796791,7.9286e-06,0.00795998
2016-10-03,2161.2,-0.00326066,9.9083e-06,-0.00327057
2016-10-04,2150.49,-0.00495558,1.10956e-05,-0.00496668
2016-10-05,2159.73,0.0042967,1.03041e-05,0.00428639
2016-10-06,2160.77,0.00048154,1.03041e-05,0.00047124
2016-10-07,2153.74,-0.00325347,1.03041e-05,-0.00326377
2016-10-10,2163.66,0.00460594,,
2016-10-11,2136.73,-0.0124465,1.06999e-05,-0.0124572
2016-10-12,2139.18,0.00114661,1.03041e-05,0.00113631
2016-10-13,2132.55,-0.00309932,1.03041e-05,-0.00310962
2016-10-14,2132.98,0.00020164,1.03041e-05,0.00019133
2016-10-17,2126.5,-0.003038,9.5124e-06,-0.00304752
2016-10-18,2139.6,0.00616036,1.03041e-05,0.00615005
2016-10-19,2144.29,0.002192,9.9083e-06,0.00218209
2016-10-20,2141.34,-0.00137575,9.9083e-06,-0.00138566
2016-10-21,2141.16,-8.406e-05,9.9083e-06,-9.397e-05
2016-10-24,2151.33,0.00474976,9.1165e-06,0.00474065
2016-10-25,2143.16,-0.00379765,8.7206e-06,-0.00380637
2016-10-26,2139.43,-0.00174042,9.9083e-06,-0.00175033
2016-10-27,2133.04,-0.00298678,7.5326e-06,-0.00299431
2016-10-28,2126.41,-0.00310824,7.1365e-06,-0.00311538
2016-10-31,2126.15,-0.00012227,7.9286e-06,-0.0001302
2016-11-01,2111.72,-0.00678692,9.5124e-06,-0.00679643
2016-11-02,2097.94,-0.00652549,9.5124e-06,-0.006535
2016-11-03,2088.66,-0.00442339,9.5124e-06,-0.0044329
2016-11-04,2085.18,-0.00166614,9.9083e-06,-0.00167605
2016-11-07,2131.52,0.0222235,1.10956e-05,0.02221241
2016-11-08,2139.56,0.00377196,1.10956e-05,0.00376086
2016-11-09,2163.26,0.01107704,1.1887e-05,0.01106516
2016-11-10,2167.48,0.00195076,1.1887e-05,0.00193887
2016-11-11,2164.45,-0.00139794,,
2016-11-14,2164.2,-0.0001155,1.26782e-05,-0.00012818
2016-11-15,2180.39,0.00748082,1.1887e-05,0.00746894
2016-11-16,2176.94,-0.00158229,1.26782e-05,-0.00159496
2016-11-17,2187.12,0.00467629,1.1887e-05,0.0046644
2016-11-18,2181.9,-0.0023867,1.10956e-05,-0.0023978
2016-11-21,2198.18,0.00746139,1.10956e-05,0.00745029
2016-11-22,2202.94,0.00216543,1.34693e-05,0.00215196
2016-11-23,2204.72,0.00080801,1.38647e-05,0.00079415
2016-11-25,2213.35,0.00391433,1.34693e-05,0.00390086
2016-11-28,2201.72,-0.00525448,1.26782e-05,-0.00526716
2016-11-29,2204.66,0.00133532,1.34693e-05,0.00132185
2016-11-30,2198.81,-0.00265347,1.50509e-05,-0.00266852
2016-12-01,2191.08,-0.00351554,1.26782e-05,-0.00352822
2016-12-02,2191.95,0.00039706,1.34693e-05,0.0003836
2016-12-05,2204.71,0.0058213,1.34693e-05,0.00580783
2016-12-06,2212.23,0.00341088,1.38647e-05,0.00339701
2016-12-07,2241.35,0.01316319,1.50509e-05,0.01314814
2016-12-08,2246.19,0.00215941,1.54462e-05,0.00214397
2016-12-09,2259.53,0.00593895,1.62367e-05,0.00592271
2016-12-12,2256.96,-0.0011374,1.66319e-05,-0.00115404
2016-12-13,2271.72,0.00653977,1.86073e-05,0.00652116
2016-12-14,2253.28,-0.0081172,1.93971e-05,-0.00813659
2016-12-15,2262.03,0.00388323,1.90022e-05,0.00386423
2016-12-16,2258.07,-0.00175064,1.82123e-05,-0.00176885
2016-12-19,2262.53,0.00197514,1.78172e-05,0.00195732
2016-12-20,2270.76,0.00363752,1.90022e-05,0.00361852
2016-12-21,2265.18,-0.00245733,1.82123e-05,-0.00247554
2016-12-22,2260.96,-0.00186299,1.66319e-05,-0.00187962
2016-12-23,2263.79,0.00125168,1.66319e-05,0.00123505
2016-12-27,2268.88,0.00224844,1.9792e-05,0.00222865
2016-12-28,2249.92,-0.00835655,1.90022e-05,-0.00837555
2016-12-29,2249.26,-0.00029334,1.54462e-05,-0.00030879
2016-12-30,2238.83,-0.00463708,1.74222e-05,-0.0046545
2017-01-03,2257.83,0.00848658,2.05817e-05,0.00846599
2017-01-04,2270.75,0.00572231,1.93971e-05,0.00570291
2017-01-05,2269.0,-0.00077067,2.01869e-05,-0.00079086
2017-01-06,2276.98,0.00351697,1.9792e-05,0.00349718
2017-01-09,2268.9,-0.00354856,1.9792e-05,-0.00356835
2017-01-10,2268.9,0.0,2.01869e-05,-2.019e-05
2017-01-11,2275.32,0.00282956,2.01869e-05,0.00280938
2017-01-12,2270.44,-0.00214475,2.05817e-05,-0.00216533
2017-01-13,2274.64,0.00184986,2.05817e-05,0.00182928
2017-01-17,2267.89,-0.0029675,2.05817e-05,-0.00298808
2017-01-18,2271.89,0.00176375,1.90022e-05,0.00174475
2017-01-19,2263.69,-0.00360933,1.86073e-05,-0.00362794
2017-01-20,2271.31,0.00336619,1.82123e-05,0.00334797
2017-01-23,2265.2,-0.00269008,1.82123e-05,-0.00270829
2017-01-24,2280.07,0.00656454,1.9792e-05,0.00654475
2017-01-25,2298.37,0.00802607,1.90022e-05,0.00800707
2017-01-26,2296.68,-0.0007353,1.93971e-05,-0.0007547
2017-01-27,2294.69,-0.00086647,1.93971e-05,-0.00088587
2017-01-30,2280.9,-0.00600953,1.93971e-05,-0.00602892
2017-01-31,2278.87,-0.00089,1.9792e-05,-0.00090979
2017-02-01,2279.55,0.00029839,1.9792e-05,0.0002786
2017-02-02,2280.85,0.00057029,1.9792e-05,0.0005505
2017-02-03,2297.42,0.00726484,1.93971e-05,0.00724544
2017-02-06,2292.56,-0.00211542,1.90022e-05,-0.00213442
2017-02-07,2293.08,0.00022682,2.01869e-05,0.00020663
2017-02-08,2294.67,0.00069339,2.05817e-05,0.00067281
2017-02-09,2307.87,0.00575246,2.01869e-05,0.00573227
2017-02-10,2316.1,0.00356606,2.01869e-05,0.00354587
2017-02-13,2328.25,0.00524589,1.9792e-05,0.0052261
2017-02-14,2337.58,0.0040073,2.01869e-05,0.00398711
2017-02-15,2349.25,0.00499234,2.09764e-05,0.00497137
2017-02-16,2347.22,-0.00086411,2.01869e-05,-0.00088429
2017-02-17,2351.16,0.00167858,1.9792e-05,0.00165879
2017-02-21,2365.38,0.00604808,1.93971e-05,0.00602868
2017-02-22,2362.82,-0.00108228,1.86073e-05,-0.00110089
2017-02-23,2363.81,0.00041899,1.54462e-05,0.00040354
2017-02-24,2367.34,0.00149335,1.58415e-05,0.00147751
2017-02-27,2369.75,0.00101802,1.74222e-05,0.0010006
2017-02-28,2363.64,-0.00257833,1.58415e-05,-0.00259417
2017-03-01,2395.96,0.01367383,1.82123e-05,0.01365561
2017-03-02,2381.92,-0.00585986,2.05817e-05,-0.00588045
2017-03-03,2383.12,0.0005038,2.21605e-05,0.00048163
2017-03-06,2375.31,-0.00327722,2.21605e-05,-0.00329938
2017-03-07,2368.39,-0.0029133,2.17658e-05,-0.00293507
2017-03-08,2362.98,-0.00228425,2.13712e-05,-0.00230562
2017-03-09,2364.87,0.00079984,1.9792e-05,0.00078005
2017-03-10,2372.6,0.00326868,2.37387e-05,0.00324494
2017-03-13,2373.47,0.00036669,2.72873e-05,0.0003394
2017-03-14,2365.45,-0.00337902,3.0439e-05,-0.00340946
2017-03-15,2385.26,0.00837473,2.80754e-05,0.00834665
2017-03-16,2381.38,-0.00162666,2.68932e-05,-0.00165355
2017-03-17,2378.25,-0.00131436,2.80754e-05,-0.00134244
2017-03-20,2373.47,-0.00200988,2.76814e-05,-0.00203756
2017-03-21,2344.02,-0.01240799,3.00452e-05,-0.01243804
2017-03-22,2348.45,0.00188992,2.92574e-05,0.00186066
2017-03-23,2345.96,-0.00106027,2.88634e-05,-0.00108914
2017-03-24,2343.98,-0.000844,2.88634e-05,-0.00087287
2017-03-27,2341.59,-0.00101963,2.88634e-05,-0.0010485
2017-03-28,2358.57,0.00725148,2.96513e-05,0.00722183
2017-03-29,2361.13,0.0010854,3.00452e-05,0.00105536
2017-03-30,2368.06,0.00293504,2.96513e-05,0.00290538
2017-03-31,2362.72,-0.00225501,2.92574e-05,-0.00228427
2017-04-03,2358.84,-0.00164218,2.88634e-05,-0.00167104
2017-04-04,2360.16,0.0005596,3.0439e-05,0.00052916
2017-04-05,2352.95,-0.00305488,3.0439e-05,-0.00308532
2017-04-06,2357.49,0.00192949,3.08328e-05,0.00189866
2017-04-07,2355.54,-0.00082715,3.0439e-05,-0.00085759
2017-04-10,2357.16,0.00068774,3.0439e-05,0.0006573
2017-04-11,2353.78,-0.00143393,2.92574e-05,-0.00146319
2017-04-12,2344.93,-0.00375991,3.0439e-05,-0.00379035
2017-04-13,2328.95,-0.0068147,3.00452e-05,-0.00684475
2017-04-17,2349.01,0.00861332,3.00452e-05,0.00858328
2017-04-18,2342.19,-0.00290335,3.00452e-05,-0.0029334
2017-04-19,2338.17,-0.00171634,2.96513e-05,-0.00174599
2017-04-20,2355.84,0.00755719,2.88634e-05,0.00752833
2017-04-21,2348.69,-0.00303501,2.84695e-05,-0.00306348
2017-04-24,2374.15,0.01084009,2.92574e-05,0.01081083
2017-04-25,2388.61,0.0060906,2.88634e-05,0.00606174
2017-04-26,2387.45,-0.00048564,2.92574e-05,-0.0005149
2017-04-27,2388.77,0.00055289,2.76814e-05,0.00052521
2017-04-28,2384.2,-0.00191312,2.68932e-05,-0.00194001
2017-05-01,2388.33,0.00173224,2.6499e-05,0.00170574
2017-05-02,2391.17,0.00118912,2.84695e-05,0.00116065
2017-05-03,2388.13,-0.00127134,2.88634e-05,-0.00130021
2017-05-04,2389.52,0.00058205,2.80754e-05,0.00055397
2017-05-05,2399.29,0.00408869,2.80754e-05,0.00406061
2017-05-08,2399.38,3.751e-05,2.88634e-05,8.65e-06
2017-05-09,2396.92,-0.00102526,2.92574e-05,-0.00105452
2017-05-10,2399.63,0.00113062,2.80754e-05,0.00110254
2017-05-11,2394.44,-0.00216283,2.68932e-05,-0.00218973
2017-05-12,2390.9,-0.00147843,2.72873e-05,-0.00150571
2017-05-15,2402.32,0.00477644,2.88634e-05,0.00474758
2017-05-16,2400.67,-0.00068684,2.84695e-05,-0.00071531
2017-05-17,2357.03,-0.01817826,2.84695e-05,-0.01820673
2017-05-18,2365.72,0.00368684,2.88634e-05,0.00365798
2017-05-19,2381.73,0.0067675,2.80754e-05,0.00673942
2017-05-22,2394.02,0.00516011,2.76814e-05,0.00513243
2017-05-23,2398.42,0.00183791,3.00452e-05,0.00180787
2017-05-24,2404.39,0.00248914,3.00452e-05,0.00245909
2017-05-25,2415.07,0.00444188,2.84695e-05,0.00441341
2017-05-26,2415.82,0.00031055,2.96513e-05,0.0002809
2017-05-30,2412.91,-0.00120456,3.0439e-05,-0.001235
2017-05-31,2411.8,-0.00046003,3.39817e-05,-0.00049401
2017-06-01,2430.06,0.00757111,3.24075e-05,0.0075387
2017-06-02,2439.07,0.00370773,3.24075e-05,0.00367532
2017-06-05,2436.1,-0.00121768,3.28011e-05,-0.00125048
2017-06-06,2429.33,-0.00277903,3.28011e-05,-0.00281183
2017-06-07,2433.14,0.00156833,3.31947e-05,0.00153514
2017-06-08,2433.79,0.00026714,3.16202e-05,0.00023552
2017-06-09,2431.77,-0.00082998,3.16202e-05,-0.0008616
2017-06-12,2429.39,-0.00097871,3.24075e-05,-0.00101112
2017-06-13,2440.35,0.00451142,3.51618e-05,0.00447626
2017-06-14,2437.92,-0.00099576,3.55552e-05,-0.00103131
2017-06-15,2432.46,-0.00223961,3.39817e-05,-0.0022736
2017-06-16,2433.15,0.00028366,3.35882e-05,0.00025008
2017-06-19,2453.46,0.0083472,3.35882e-05,0.00831362
2017-06-20,2437.03,-0.00669667,3.47685e-05,-0.00673143
2017-06-21,2435.61,-0.00058268,3.35882e-05,-0.00061626
2017-06-22,2434.5,-0.00045574,3.16202e-05,-0.00048736
2017-06-23,2438.3,0.0015609,3.00452e-05,0.00153085
2017-06-26,2439.07,0.00031579,3.20139e-05,0.00028378
2017-06-27,2419.38,-0.00807275,3.51618e-05,-0.00810791
2017-06-28,2440.69,0.00880804,3.51618e-05,0.00877288
2017-06-29,2419.7,-0.00860003,3.47685e-05,-0.0086348
2017-06-30,2423.41,0.00153325,3.31947e-05,0.00150005
2017-07-03,2429.01,0.00231079,3.79143e-05,0.00227288
2017-07-05,2432.54,0.00145327,3.83073e-05,0.00141496
2017-07-06,2409.75,-0.00936881,3.75212e-05,-0.00940633
2017-07-07,2425.18,0.00640315,3.71281e-05,0.00636603
2017-07-10,2427.43,0.00092777,3.75212e-05,0.00089025
2017-07-11,2425.53,-0.00078272,3.83073e-05,-0.00082103
2017-07-12,2443.25,0.00730562,3.71281e-05,0.00726849
2017-07-13,2447.83,0.00187455,3.75212e-05,0.00183703
2017-07-14,2459.27,0.00467353,3.67349e-05,0.00463679
2017-07-17,2459.14,-5.286e-05,3.75212e-05,-9.038e-05
2017-07-18,2460.61,0.00059777,3.75212e-05,0.00056025
2017-07-19,2473.83,0.00537265,3.90933e-05,0.00533356
2017-07-20,2473.45,-0.00015361,3.94862e-05,-0.00019309
2017-07-21,2472.54,-0.00036791,3.94862e-05,-0.00040739
2017-07-24,2469.91,-0.00106368,3.94862e-05,-0.00110317
2017-07-25,2477.13,0.00292318,3.79143e-05,0.00288527
2017-07-26,2477.83,0.00028259,4.0272e-05,0.00024231
2017-07-27,2475.42,-0.00097263,3.98791e-05,-0.0010125
2017-07-28,2472.1,-0.00134119,3.94862e-05,-0.00138067
2017-07-31,2470.3,-0.00072813,3.94862e-05,-0.00076761
2017-08-01,2476.35,0.0024491,3.94862e-05,0.00240961
2017-08-02,2477.57,0.00049266,4.0272e-05,0.00045239
2017-08-03,2472.16,-0.00218359,3.94862e-05,-0.00222308
2017-08-04,2476.83,0.00188904,3.94862e-05,0.00184955
2017-08-07,2480.91,0.00164727,3.90933e-05,0.00160817
2017-08-08,2474.92,-0.00241444,3.94862e-05,-0.00245392
2017-08-09,2474.02,-0.00036365,3.98791e-05,-0.00040353
2017-08-10,2438.21,-0.01447442,4.0272e-05,-0.01451469
2017-08-11,2441.32,0.00127553,3.90933e-05,0.00123643
2017-08-14,2465.84,0.01004375,3.75212e-05,0.01000623
2017-08-15,2464.61,-0.00049882,3.83073e-05,-0.00053712
2017-08-16,2468.11,0.0014201,3.83073e-05,0.0013818
2017-08-17,2430.01,-0.01543691,3.75212e-05,-0.01547443
2017-08-18,2425.55,-0.00183538,3.83073e-05,-0.00187369
2017-08-21,2428.37,0.00116262,3.75212e-05,0.0011251
2017-08-22,2452.51,0.00994082,3.67349e-05,0.00990409
2017-08-23,2444.04,-0.0034536,3.87003e-05,-0.0034923
2017-08-24,2438.97,-0.00207443,3.87003e-05,-0.00211313
2017-08-25,2443.05,0.00167284,3.90933e-05,0.00163374
2017-08-28,2444.24,0.0004871,3.90933e-05,0.000448
2017-08-29,2446.3,0.0008428,3.79143e-05,0.00080488
2017-08-30,2457.59,0.00461513,3.79143e-05,0.00457722
2017-08-31,2471.65,0.00572105,3.75212e-05,0.00568353
2017-09-01,2476.55,0.00198248,3.79143e-05,0.00194457
2017-09-05,2457.85,-0.00755083,5.12562e-05,-0.00760208
2017-09-06,2465.54,0.00312875,4.10576e-05,0.00308769
2017-09-07,2465.1,-0.00017846,3.87003e-05,-0.00021716
2017-09-08,2461.43,-0.00148878,3.79143e-05,-0.0015267
2017-09-11,2488.11,0.01083923,3.83073e-05,0.01080092
2017-09-12,2496.48,0.003364,3.90933e-05,0.00332491
2017-09-13,2498.37,0.00075707,3.90933e-05,0.00071797
2017-09-14,2495.62,-0.00110072,3.90933e-05,-0.00113981
2017-09-15,2500.23,0.00184724,3.87003e-05,0.00180854
2017-09-18,2503.87,0.00145587,3.79143e-05,0.00141795
2017-09-19,2506.65,0.00111028,3.83073e-05,0.00107197
2017-09-20,2508.24,0.00063431,3.87003e-05,0.00059561
2017-09-21,2500.6,-0.00304596,3.90933e-05,-0.00308505
2017-09-22,2502.22,0.00064784,3.83073e-05,0.00060954
2017-09-25,2496.66,-0.00222203,3.83073e-05,-0.00226033
2017-09-26,2496.84,7.21e-05,3.79143e-05,3.418e-05
2017-09-27,2507.04,0.00408516,3.90933e-05,0.00404607
2017-09-28,2510.06,0.00120461,3.83073e-05,0.0011663
2017-09-29,2519.36,0.00370509,3.79143e-05,0.00366718
2017-10-02,2529.12,0.003874,3.75212e-05,0.00383648
2017-10-03,2534.58,0.00215885,3.98791e-05,0.00211897
2017-10-04,2537.74,0.00124675,3.94862e-05,0.00120727
2017-10-05,2552.07,0.00564676,4.0272e-05,0.00560648
2017-10-06,2549.33,-0.00107364,4.06648e-05,-0.0011143
2017-10-09,2544.73,-0.0018044,,
2017-10-10,2550.64,0.00232245,4.06648e-05,0.00228178
2017-10-11,2555.24,0.00180347,4.10576e-05,0.00176241
2017-10-12,2550.93,-0.00168673,3.90933e-05,-0.00172582
2017-10-13,2553.17,0.00087811,3.83073e-05,0.0008398
2017-10-16,2557.64,0.00175076,3.83073e-05,0.00171246
2017-10-17,2559.36,0.00067249,3.90933e-05,0.0006334
2017-10-18,2561.26,0.00074237,3.90933e-05,0.00070328
2017-10-19,2562.1,0.00032796,3.90933e-05,0.00028887
2017-10-20,2575.21,0.0051169,3.90933e-05,0.0050778
2017-10-23,2564.98,-0.00397249,3.94862e-05,-0.00401198
2017-10-24,2569.13,0.00161795,3.94862e-05,0.00157846
2017-10-25,2557.15,-0.00466306,3.98791e-05,-0.00470294
2017-10-26,2560.4,0.00127095,3.90933e-05,0.00123185
2017-10-27,2581.07,0.00807296,3.87003e-05,0.00803426
2017-10-30,2572.83,-0.00319247,3.83073e-05,-0.00323078
2017-10-31,2575.26,0.00094449,3.90933e-05,0.00090539
2017-11-01,2579.36,0.00159207,4.1843e-05,0.00155023
2017-11-02,2579.85,0.00018997,4.0272e-05,0.0001497
2017-11-03,2587.84,0.00309708,4.0272e-05,0.00305681
2017-11-06,2591.13,0.00127133,4.06648e-05,0.00123067
2017-11-07,2590.64,-0.00018911,4.14503e-05,-0.00023056
2017-11-08,2594.38,0.00144366,4.14503e-05,0.00140221
2017-11-09,2584.62,-0.00376198,4.22357e-05,-0.00380421
2017-11-10,2582.3,-0.00089762,4.1843e-05,-0.00093946
2017-11-13,2584.84,0.00098362,4.22357e-05,0.00094138
2017-11-14,2578.87,-0.00230962,4.1843e-05,-0.00235146
2017-11-15,2564.62,-0.00552568,4.26283e-05,-0.0055683
2017-11-16,2585.64,0.00819615,4.26283e-05,0.00815352
2017-11-17,2578.85,-0.00262604,4.26283e-05,-0.00266867
2017-11-20,2582.14,0.00127576,4.30209e-05,0.00123274
2017-11-21,2599.03,0.00654109,4.53755e-05,0.00649571
2017-11-22,2597.08,-0.00075028,4.57679e-05,-0.00079605
2017-11-24,2602.42,0.00205616,4.49832e-05,0.00201117
2017-11-27,2601.42,-0.00038426,4.53755e-05,-0.00042963
2017-11-28,2627.04,0.00984847,4.57679e-05,0.0098027
2017-11-29,2626.07,-0.00036924,4.61601e-05,-0.0004154
2017-11-30,2647.58,0.00819095,4.49832e-05,0.00814596
2017-12-01,2642.22,-0.00202449,4.49832e-05,-0.00206947
2017-12-04,2639.44,-0.00105215,4.57679e-05,-0.00109791
2017-12-05,2629.57,-0.00373943,4.77288e-05,-0.00378716
2017-12-06,2629.27,-0.00011409,4.65524e-05,-0.00016064
2017-12-07,2636.98,0.00293237,4.57679e-05,0.00288661
2017-12-08,2651.5,0.0055063,4.49832e-05,0.00546132
2017-12-11,2659.99,0.00320196,4.65524e-05,0.00315541
2017-12-12,2664.11,0.00154888,4.96889e-05,0.00149919
2017-12-13,2662.85,-0.00047295,4.81209e-05,-0.00052107
2017-12-14,2652.01,-0.00407083,4.77288e-05,-0.00411856
2017-12-15,2675.81,0.00897433,4.8905e-05,0.00892542
2017-12-18,2690.16,0.00536286,4.96889e-05,0.00531317
2017-12-19,2681.47,-0.00323029,4.92969e-05,-0.00327959
2017-12-20,2679.25,-0.0008279,4.81209e-05,-0.00087603
2017-12-21,2684.57,0.00198563,4.77288e-05,0.0019379
2017-12-22,2683.34,-0.00045817,4.53755e-05,-0.00050355
2017-12-26,2680.5,-0.00105838,4.8905e-05,-0.00110729
2017-12-27,2682.62,0.0007909,4.65524e-05,0.00074434
2017-12-28,2687.54,0.00183403,4.69446e-05,0.00178708
2017-12-29,2673.61,-0.00518318,5.04726e-05,-0.00523365
2018-01-02,2695.81,0.00830338,5.08644e-05,0.00825252
2018-01-03,2713.06,0.00639882,5.08644e-05,0.00634795
2018-01-04,2723.99,0.00402866,5.04726e-05,0.00397819
2018-01-05,2743.15,0.0070338,5.00807e-05,0.00698372
2018-01-08,2747.71,0.00166232,5.12562e-05,0.00161107
2018-01-09,2751.29,0.0013029,5.00807e-05,0.00125282
2018-01-10,2748.23,-0.00111221,5.16479e-05,-0.00116385
2018-01-11,2767.56,0.00703362,5.20396e-05,0.00698158
2018-01-12,2786.24,0.00674963,5.16479e-05,0.00669798
2018-01-16,2776.42,-0.00352446,5.24313e-05,-0.00357689
2018-01-17,2802.56,0.009415,5.16479e-05,0.00936335
2018-01-18,2798.03,-0.00161638,5.08644e-05,-0.00166724
2018-01-19,2810.3,0.00438523,5.04726e-05,0.00433476
2018-01-22,2832.97,0.00806675,5.00807e-05,0.00801667
2018-01-23,2839.13,0.0021744,4.96889e-05,0.00212471
2018-01-24,2837.54,-0.00056003,4.92969e-05,-0.00060933
2018-01-25,2839.25,0.00060263,4.8513e-05,0.00055412
2018-01-26,2872.87,0.01184116,4.8905e-05,0.01179225
2018-01-29,2853.53,-0.00673194,5.04726e-05,-0.00678242
2018-01-30,2822.43,-0.01089878,5.86925e-05,-0.01095747
2018-01-31,2823.81,0.00048894,5.63457e-05,0.00043259
2018-02-01,2821.98,-0.00064806,5.55631e-05,-0.00070362
2018-02-02,2762.13,-0.02120851,5.51718e-05,-0.02126368
2018-02-05,2648.94,-0.04097924,5.51718e-05,-0.04103442
2018-02-06,2695.14,0.01744094,5.83015e-05,0.01738264
2018-02-07,2681.66,-0.0050016,5.3606e-05,-0.0050552
2018-02-08,2581.0,-0.03753645,5.20396e-05,-0.03758849
2018-02-09,2619.55,0.01493607,5.16479e-05,0.01488442
2018-02-12,2656.0,0.0139146,5.32145e-05,0.01386139
2018-02-13,2662.94,0.00261295,5.28229e-05,0.00256013
2018-02-14,2698.63,0.01340248,5.20396e-05,0.01335044
2018-02-15,2731.2,0.01206909,5.12562e-05,0.01201783
2018-02-16,2732.22,0.00037346,5.32145e-05,0.00032025
2018-02-20,2716.26,-0.0058414,5.47804e-05,-0.00589618
2018-02-21,2701.33,-0.00549653,5.51718e-05,-0.0055517
2018-02-22,2703.96,0.00097359,5.28229e-05,0.00092077
2018-02-23,2747.3,0.01602834,5.4389e-05,0.01597395
2018-02-26,2779.6,0.011757,5.47804e-05,0.01170222
2018-02-27,2744.28,-0.01270686,5.86925e-05,-0.01276556
2018-02-28,2713.83,-0.01109581,5.90835e-05,-0.01115489
2018-03-01,2677.67,-0.01332434,5.90835e-05,-0.01338343
2018-03-02,2691.25,0.00507157,5.90835e-05,0.00501249
2018-03-05,2720.94,0.01103205,6.02563e-05,0.01097179
2018-03-06,2728.12,0.00263879,6.14288e-05,0.00257737
2018-03-07,2726.8,-0.00048385,6.18195e-05,-0.00054567
2018-03-08,2738.97,0.00446311,6.18195e-05,0.00440129
2018-03-09,2786.57,0.0173788,6.18195e-05,0.01731698
2018-03-12,2783.02,-0.00127397,6.29915e-05,-0.00133696
2018-03-13,2765.31,-0.00636359,6.45536e-05,-0.00642814
2018-03-14,2749.48,-0.00572449,6.72858e-05,-0.00579178
2018-03-15,2747.33,-0.00078197,6.68956e-05,-0.00084886
2018-03-16,2752.01,0.00170347,6.72858e-05,0.00163619
2018-03-19,2712.92,-0.01420416,6.68956e-05,-0.01427106
2018-03-20,2716.94,0.0014818,6.92362e-05,0.00141256
2018-03-21,2711.93,-0.00184399,6.72858e-05,-0.00191127
2018-03-22,2643.69,-0.02516289,6.57247e-05,-0.02522862
2018-03-23,2588.26,-0.02096691,6.65053e-05,-0.02103341
2018-03-26,2658.55,0.02715724,6.72858e-05,0.02708996
2018-03-27,2612.62,-0.01727633,6.65053e-05,-0.01734284
2018-03-28,2605.0,-0.00291661,6.4944e-05,-0.00298156
2018-03-29,2640.87,0.01376967,6.41631e-05,0.01370551
2018-04-02,2581.88,-0.02233734,6.6115e-05,-0.02240345
2018-04-03,2614.45,0.01261484,6.68956e-05,0.01254794
2018-04-04,2644.69,0.01156649,6.57247e-05,0.01150076
2018-04-05,2662.84,0.00686281,6.57247e-05,0.00679708
2018-04-06,2604.47,-0.02192021,6.6115e-05,-0.02198632
2018-04-09,2613.16,0.00333657,6.57247e-05,0.00327085
2018-04-10,2656.87,0.01672687,6.41631e-05,0.01666271
2018-04-11,2642.19,-0.0055253,6.45536e-05,-0.00558985
2018-04-12,2663.99,0.00825073,6.4944e-05,0.00818579
2018-04-13,2656.3,-0.00288665,6.45536e-05,-0.0029512
2018-04-16,2677.84,0.00810902,6.45536e-05,0.00804447
2018-04-17,2706.39,0.01066158,6.6115e-05,0.01059546
2018-04-18,2708.64,0.00083137,6.57247e-05,0.00076564
2018-04-19,2693.13,-0.00572612,6.57247e-05,-0.00579185
2018-04-20,2670.14,-0.00853654,6.4944e-05,-0.00860148
2018-04-23,2670.29,5.618e-05,6.65053e-05,-1.033e-05
2018-04-24,2634.56,-0.01338057,6.68956e-05,-0.01344746
2018-04-25,2639.4,0.00183712,6.4944e-05,0.00177217
2018-04-26,2666.94,0.01043419,6.37726e-05,0.01037042
2018-04-27,2669.91,0.00111364,6.37726e-05,0.00104986
2018-04-30,2648.05,-0.00818754,6.4944e-05,-0.00825249
2018-05-01,2654.8,0.00254905,6.6115e-05,0.00248293
2018-05-02,2635.67,-0.00720582,6.65053e-05,-0.00727232
2018-05-03,2629.73,-0.0022537,6.6115e-05,-0.00231981
2018-05-04,2663.42,0.0128112,6.57247e-05,0.01274548
2018-05-07,2672.63,0.00345796,6.65053e-05,0.00339145
2018-05-08,2671.92,-0.00026566,6.65053e-05,-0.00033216
2018-05-09,2697.79,0.00968218,6.6115e-05,0.00961606
2018-05-10,2723.07,0.00937063,6.65053e-05,0.00930413
2018-05-11,2727.72,0.00170763,6.6115e-05,0.00164152
2018-05-14,2730.13,0.00088352,6.68956e-05,0.00081663
2018-05-15,2711.45,-0.00684217,6.65053e-05,-0.00690867
2018-05-16,2722.46,0.00406056,6.65053e-05,0.00399405
2018-05-17,2720.13,-0.00085584,6.68956e-05,-0.00092274
2018-05-18,2712.97,-0.00263223,6.6115e-05,-0.00269834
2018-05-21,2733.01,0.00738674,6.72858e-05,0.00731945
2018-05-22,2724.44,-0.00313574,6.8066e-05,-0.0032038
2018-05-23,2733.29,0.00324837,6.92362e-05,0.00317914
2018-05-24,2727.76,-0.0020232,6.84561e-05,-0.00209166
2018-05-25,2721.33,-0.00235725,6.68956e-05,-0.00242414
2018-05-29,2689.86,-0.0115642,6.96262e-05,-0.01163382
2018-05-30,2724.01,0.01269583,6.96262e-05,0.0126262
2018-05-31,2705.27,-0.00687956,6.92362e-05,-0.0069488
2018-06-01,2734.62,0.01084919,6.84561e-05,0.01078074
2018-06-04,2746.87,0.0044796,6.96262e-05,0.00440997
2018-06-05,2748.8,0.00070262,7.15754e-05,0.00063104
2018-06-06,2772.35,0.00856737,7.11856e-05,0.00849619
2018-06-07,2770.37,-0.0007142,7.00161e-05,-0.00078421
2018-06-08,2779.03,0.00312594,7.00161e-05,0.00305592
2018-06-11,2782.0,0.00106872,7.15754e-05,0.00099714
2018-06-12,2786.85,0.00174335,7.11856e-05,0.00167216
2018-06-13,2775.63,-0.00402605,7.15754e-05,-0.00409763
2018-06-14,2782.49,0.00247151,7.11856e-05,0.00240033
2018-06-15,2779.66,-0.00101707,7.15754e-05,-0.00108865
2018-06-18,2773.75,-0.00212616,7.23549e-05,-0.00219851
2018-06-19,2762.59,-0.00402343,7.27445e-05,-0.00409618
2018-06-20,2767.32,0.00171216,7.27445e-05,0.00163942
2018-06-21,2749.76,-0.00634549,7.27445e-05,-0.00641823
2018-06-22,2754.88,0.00186198,7.19652e-05,0.00179002
2018-06-25,2717.07,-0.01372474,7.07958e-05,-0.01379553
2018-06-26,2723.06,0.00220458,7.0406e-05,0.00213417
2018-06-27,2699.63,-0.00860429,7.0406e-05,-0.0086747
2018-06-28,2716.31,0.00617862,6.92362e-05,0.00610939
2018-06-29,2718.37,0.00075838,6.96262e-05,0.00068876
2018-07-02,2726.71,0.00306802,7.46923e-05,0.00299332
2018-07-03,2713.22,-0.00494735,7.50817e-05,-0.00502244
2018-07-05,2736.61,0.00862075,7.35238e-05,0.00854723
2018-07-06,2759.82,0.0084813,7.31342e-05,0.00840816
2018-07-09,2784.17,0.00882304,7.35238e-05,0.00874952
2018-07-10,2793.84,0.00347321,7.39133e-05,0.00339929
2018-07-11,2774.02,-0.00709418,7.43028e-05,-0.00716848
2018-07-12,2798.29,0.00874904,7.43028e-05,0.00867473
2018-07-13,2801.31,0.00107923,7.35238e-05,0.00100571
2018-07-16,2798.43,-0.00102809,7.46923e-05,-0.00110278
2018-07-17,2809.55,0.00397366,7.58605e-05,0.0038978
2018-07-18,2815.62,0.00216049,7.46923e-05,0.0020858
2018-07-19,2804.49,-0.00395295,7.43028e-05,-0.00402725
2018-07-20,2801.83,-0.00094848,7.31342e-05,-0.00102161
2018-07-23,2806.98,0.00183808,7.39133e-05,0.00176417
2018-07-24,2820.4,0.00478094,7.54711e-05,0.00470547
2018-07-25,2846.07,0.00910155,7.46923e-05,0.00902685
2018-07-26,2837.44,-0.00303225,7.43028e-05,-0.00310655
2018-07-27,2818.82,-0.00656225,7.46923e-05,-0.00663695
2018-07-30,2802.6,-0.00575418,7.50817e-05,-0.00582926
2018-07-31,2816.29,0.00488475,7.62498e-05,0.0048085
2018-08-01,2813.36,-0.00104038,7.58605e-05,-0.00111624
2018-08-02,2827.22,0.00492649,7.43028e-05,0.00485219
2018-08-03,2840.35,0.00464414,7.46923e-05,0.00456945
2018-08-06,2850.4,0.0035383,7.54711e-05,0.00346283
2018-08-07,2858.45,0.00282417,7.70283e-05,0.00274714
2018-08-08,2857.7,-0.00026238,7.58605e-05,-0.00033824
2018-08-09,2853.58,-0.00144172,7.50817e-05,-0.0015168
2018-08-10,2833.28,-0.00711387,7.54711e-05,-0.00718934
2018-08-13,2821.93,-0.00400596,7.58605e-05,-0.00408182
2018-08-14,2839.96,0.00638924,7.70283e-05,0.00631222
2018-08-15,2818.37,-0.00760222,7.70283e-05,-0.00767925
2018-08-16,2840.69,0.00791947,7.70283e-05,0.00784244
2018-08-17,2850.13,0.00332314,7.66391e-05,0.0032465
2018-08-20,2857.05,0.00242796,7.58605e-05,0.0023521
2018-08-21,2862.96,0.00206857,7.62498e-05,0.00199232
2018-08-22,2861.82,-0.00039819,7.66391e-05,-0.00047483
2018-08-23,2856.98,-0.00169123,7.62498e-05,-0.00176748
2018-08-24,2874.69,0.00619885,7.66391e-05,0.00612221
2018-08-27,2896.74,0.00767039,7.70283e-05,0.00759336
2018-08-28,2897.52,0.00026927,7.70283e-05,0.00019224
2018-08-29,2914.04,0.00570143,7.74175e-05,0.00562401
2018-08-30,2901.13,-0.00443028,7.74175e-05,-0.00450769
2018-08-31,2901.52,0.00013443,7.66391e-05,5.779e-05
2018-09-04,2896.72,-0.00165431,7.85849e-05,-0.00173289
2018-09-05,2888.6,-0.00280317,7.85849e-05,-0.00288176
2018-09-06,2878.05,-0.00365229,7.78067e-05,-0.0037301
2018-09-07,2871.68,-0.0022133,7.78067e-05,-0.00229111
2018-09-10,2877.13,0.00189784,7.78067e-05,0.00182004
2018-09-11,2887.89,0.00373984,7.9363e-05,0.00366047
2018-09-12,2888.92,0.00035666,7.8974e-05,0.00027769
2018-09-13,2904.18,0.00528225,7.8974e-05,0.00520328
2018-09-14,2904.98,0.00027547,7.9363e-05,0.0001961
2018-09-17,2888.8,-0.00556975,7.9363e-05,-0.00564911
2018-09-18,2904.31,0.00536901,8.05298e-05,0.00528848
2018-09-19,2907.95,0.00125331,7.9752e-05,0.00117356
2018-09-20,2930.75,0.00784057,7.9752e-05,0.00776082
2018-09-21,2929.67,-0.00036851,8.05298e-05,-0.00044904
2018-09-24,2919.37,-0.00351575,8.13075e-05,-0.00359706
2018-09-25,2915.56,-0.00130508,8.32511e-05,-0.00138833
2018-09-26,2905.97,-0.00328925,8.28625e-05,-0.00337211
2018-09-27,2914.0,0.00276328,8.24738e-05,0.0026808
2018-09-28,2913.98,-6.86e-06,8.32511e-05,-9.011e-05
2018-10-01,2924.59,0.00364107,8.36397e-05,0.00355743
2018-10-02,2923.43,-0.00039664,8.40283e-05,-0.00048067
2018-10-03,2925.51,0.00071149,8.44168e-05,0.00062708
2018-10-04,2901.61,-0.00816952,8.48053e-05,-0.00825432
2018-10-05,2885.57,-0.00552797,8.44168e-05,-0.00561238
2018-10-08,2884.43,-0.00039507,,
2018-10-09,2880.34,-0.00141796,8.51937e-05,-0.00150315
2018-10-10,2785.68,-0.03286418,8.55821e-05,-0.03294976
2018-10-11,2728.37,-0.02057307,8.40283e-05,-0.0206571
2018-10-12,2767.13,0.01420628,8.40283e-05,0.01412226
2018-10-15,2750.79,-0.00590504,8.51937e-05,-0.00599023
2018-10-16,2809.92,0.02149564,8.59705e-05,0.02140967
2018-10-17,2809.21,-0.00025268,8.63589e-05,-0.00033904
2018-10-18,2768.78,-0.01439195,8.59705e-05,-0.01447792
2018-10-19,2767.78,-0.00036117,8.59705e-05,-0.00044714
2018-10-22,2755.88,-0.00429947,8.55821e-05,-0.00438506
2018-10-23,2740.69,-0.00551185,8.67472e-05,-0.0055986
2018-10-24,2656.1,-0.03086449,8.63589e-05,-0.03095085
2018-10-25,2705.57,0.01862505,8.59705e-05,0.01853908
2018-10-26,2658.69,-0.01732722,8.48053e-05,-0.01741202
2018-10-29,2641.25,-0.00655962,8.51937e-05,-0.00664482
2018-10-30,2682.63,0.01566682,8.67472e-05,0.01558008
2018-10-31,2711.74,0.01085129,8.63589e-05,0.01076493
2018-11-01,2740.37,0.0105578,8.67472e-05,0.01047105
2018-11-02,2723.06,-0.00631667,8.59705e-05,-0.00640264
2018-11-05,2738.31,0.00560032,8.63589e-05,0.00551396
2018-11-06,2755.45,0.00625934,8.75236e-05,0.00617181
2018-11-07,2813.89,0.02120888,8.75236e-05,0.02112135
2018-11-08,2806.83,-0.00250898,8.67472e-05,-0.00259573
2018-11-09,2781.01,-0.00919899,8.67472e-05,-0.00928574
2018-11-12,2726.22,-0.01970148,,
2018-11-13,2722.18,-0.00148191,8.79118e-05,-0.00156982
2018-11-14,2701.58,-0.00756746,8.79118e-05,-0.00765538
2018-11-15,2730.2,0.0105938,8.63589e-05,0.01050744
2018-11-16,2736.27,0.00222328,8.67472e-05,0.00213653
2018-11-19,2690.73,-0.01664309,8.75236e-05,-0.01673062
2018-11-20,2641.89,-0.01815121,8.75236e-05,-0.01823873
2018-11-21,2649.93,0.00304328,8.83e-05,0.00295498
2018-11-23,2632.56,-0.00655489,8.83e-05,-0.00664319
2018-11-26,2673.45,0.01553241,8.79118e-05,0.0154445
2018-11-27,2682.17,0.0032617,9.06281e-05,0.00317107
2018-11-28,2743.79,0.02297394,9.06281e-05,0.02288331
2018-11-29,2737.76,-0.00219769,9.06281e-05,-0.00228832
2018-11-30,2760.17,0.00818552,9.06281e-05,0.0080949
2018-12-03,2790.37,0.01094136,9.02401e-05,0.01085111
2018-12-04,2700.06,-0.03236488,9.29548e-05,-0.03245784
2018-12-06,2695.95,-0.00152219,9.25671e-05,-0.00161476
2018-12-07,2633.08,-0.02332017,9.10159e-05,-0.02341118
2018-12-10,2637.72,0.00176219,9.10159e-05,0.00167118
2018-12-11,2636.78,-0.00035637,8.94642e-05,-0.00044583
2018-12-12,2651.07,0.00541949,9.02401e-05,0.00532925
2018-12-13,2650.54,-0.00019992,9.25671e-05,-0.00029249
2018-12-14,2599.95,-0.01908668,9.25671e-05,-0.01917924
2018-12-17,2545.94,-0.02077348,9.25671e-05,-0.02086604
2018-12-18,2546.16,8.641e-05,9.21794e-05,-5.77e-06
2018-12-19,2506.96,-0.01539573,9.21794e-05,-0.01548791
2018-12-20,2467.42,-0.01577209,9.48927e-05,-0.01586698
2018-12-21,2416.62,-0.02058831,9.45052e-05,-0.02068281
2018-12-24,2351.1,-0.02711225,9.48927e-05,-0.02720714
2018-12-26,2467.7,0.04959381,9.45052e-05,0.0494993
2018-12-27,2488.83,0.00856263,9.52801e-05,0.00846735
2018-12-28,2485.74,-0.00124155,9.373e-05,-0.00133528
2018-12-31,2506.85,0.00849244,9.56676e-05,0.00839677
2019-01-02,2510.03,0.00126852,9.41176e-05,0.00117441
2019-01-03,2447.89,-0.02475668,9.48927e-05,-0.02485157
2019-01-04,2531.94,0.03433569,9.41176e-05,0.03424158
2019-01-07,2549.69,0.00701043,9.48927e-05,0.00691554
2019-01-08,2574.41,0.0096953,9.41176e-05,0.00960118
2019-01-09,2584.96,0.00409803,9.41176e-05,0.00400391
2019-01-10,2596.64,0.00451845,9.48927e-05,0.00442355
2019-01-11,2596.26,-0.00014634,9.45052e-05,-0.00024085
2019-01-14,2582.61,-0.00525756,9.48927e-05,-0.00535246
2019-01-15,2610.3,0.01072171,9.45052e-05,0.01062721
2019-01-16,2616.1,0.00222197,9.45052e-05,0.00212746
2019-01-17,2635.96,0.00759145,9.45052e-05,0.00749695
2019-01-18,2670.71,0.01318305,9.41176e-05,0.01308894
2019-01-22,2632.9,-0.01415728,9.33424e-05,-0.01425063
2019-01-23,2638.7,0.00220289,9.29548e-05,0.00210994
2019-01-24,2642.33,0.00137568,9.33424e-05,0.00128233
2019-01-25,2664.76,0.00848872,9.25671e-05,0.00839615
2019-01-28,2643.85,-0.00784686,9.373e-05,-0.00794059
2019-01-29,2640.0,-0.00145621,9.373e-05,-0.00154994
2019-01-30,2681.05,0.01554924,9.41176e-05,0.01545512
2019-01-31,2704.1,0.00859738,9.48927e-05,0.00850249
2019-02-01,2706.53,0.00089864,9.45052e-05,0.00080413
2019-02-04,2724.87,0.0067762,9.45052e-05,0.0066817
2019-02-05,2737.7,0.00470848,9.373e-05,0.00461475
2019-02-06,2731.61,-0.0022245,9.41176e-05,-0.00231861
2019-02-07,2706.05,-0.00935712,9.52801e-05,-0.0094524
2019-02-08,2707.88,0.00067626,9.52801e-05,0.00058098
2019-02-11,2709.8,0.00070904,9.56676e-05,0.00061337
2019-02-12,2744.73,0.01289025,9.48927e-05,0.01279536
2019-02-13,2753.03,0.00302398,9.48927e-05,0.00292908
2019-02-14,2745.73,-0.00265162,9.6055e-05,-0.00274768
2019-02-15,2775.6,0.01087871,9.52801e-05,0.01078343
2019-02-19,2779.76,0.00149878,9.56676e-05,0.00140311
2019-02-20,2784.7,0.00177713,9.45052e-05,0.00168263
2019-02-21,2774.88,-0.00352641,9.52801e-05,-0.00362169
2019-02-22,2792.67,0.00641109,9.52801e-05,0.00631581
2019-02-25,2796.11,0.0012318,9.56676e-05,0.00113613
2019-02-26,2793.9,-0.00079038,9.52801e-05,-0.00088566
2019-02-27,2792.38,-0.00054404,9.52801e-05,-0.00063932
2019-02-28,2784.49,-0.00282555,9.56676e-05,-0.00292121
2019-03-01,2803.69,0.00689534,9.56676e-05,0.00679967
2019-03-04,2792.81,-0.0038806,9.6055e-05,-0.00397666
2019-03-05,2789.65,-0.00113148,9.56676e-05,-0.00122714
2019-03-06,2771.45,-0.00652412,9.52801e-05,-0.0066194
2019-03-07,2748.93,-0.00812571,9.6055e-05,-0.00822177
2019-03-08,2743.07,-0.00213174,9.6055e-05,-0.00222779
2019-03-11,2783.3,0.01466605,9.56676e-05,0.01457038
2019-03-12,2791.52,0.00295333,9.56676e-05,0.00285766
2019-03-13,2810.92,0.00694962,9.52801e-05,0.00685434
2019-03-14,2808.48,-0.00086804,9.72169e-05,-0.00096526
2019-03-15,2822.48,0.0049849,9.64423e-05,0.00488846
2019-03-18,2832.94,0.00370596,9.68296e-05,0.00360913
2019-03-19,2832.57,-0.00013061,9.64423e-05,-0.00022705
2019-03-20,2824.23,-0.00294432,9.6055e-05,-0.00304038
2019-03-21,2854.88,0.01085252,9.83785e-05,0.01075414
2019-03-22,2800.71,-0.01897453,9.76042e-05,-0.01907213
2019-03-25,2798.36,-0.00083907,9.68296e-05,-0.0009359
2019-03-26,2818.46,0.00718278,9.64423e-05,0.00708634
2019-03-27,2805.37,-0.00464438,9.6055e-05,-0.00474044
2019-03-28,2815.44,0.00358954,9.56676e-05,0.00349388
2019-03-29,2834.4,0.00673429,9.52801e-05,0.00663901
2019-04-01,2867.19,0.01156859,9.48927e-05,0.01147369
2019-04-02,2867.24,1.744e-05,9.52801e-05,-7.784e-05
2019-04-03,2873.4,0.00214841,9.48927e-05,0.00205351
2019-04-04,2879.39,0.00208464,9.52801e-05,0.00198936
2019-04-05,2892.74,0.0046364,9.48927e-05,0.00454151
2019-04-08,2895.77,0.00104745,9.52801e-05,0.00095217
2019-04-09,2878.2,-0.00606747,9.48927e-05,-0.00616236
2019-04-10,2888.21,0.00347787,9.41176e-05,0.00338375
2019-04-11,2888.32,3.809e-05,9.48927e-05,-5.681e-05
2019-04-12,2907.41,0.00660938,9.45052e-05,0.00651487
2019-04-15,2905.58,-0.00062943,9.48927e-05,-0.00072432
2019-04-16,2907.06,0.00050936,9.52801e-05,0.00041408
2019-04-17,2900.45,-0.00227377,9.52801e-05,-0.00236906
2019-04-18,2905.03,0.00157907,9.56676e-05,0.0014834
2019-04-22,2907.97,0.00101204,9.56676e-05,0.00091637
2019-04-23,2933.68,0.00884122,9.52801e-05,0.00874594
2019-04-24,2927.25,-0.00219179,9.48927e-05,-0.00228668
2019-04-25,2926.17,-0.00036895,9.52801e-05,-0.00046423
2019-04-26,2939.88,0.00468531,9.48927e-05,0.00459041
2019-04-29,2943.03,0.00107147,9.6055e-05,0.00097542
2019-04-30,2945.83,0.0009514,9.52801e-05,0.00085612
2019-05-01,2923.73,-0.00750213,9.48927e-05,-0.00759702
2019-05-02,2917.52,-0.002124,9.56676e-05,-0.00221967
2019-05-03,2945.64,0.00963832,9.48927e-05,0.00954343
2019-05-06,2932.47,-0.00447101,9.52801e-05,-0.00456629
2019-05-07,2884.05,-0.01651168,9.56676e-05,-0.01660735
2019-05-08,2879.42,-0.00160538,9.48927e-05,-0.00170027
2019-05-09,2870.72,-0.00302144,9.52801e-05,-0.00311672
2019-05-10,2881.4,0.00372032,9.48927e-05,0.00362543
2019-05-13,2811.87,-0.02413063,9.45052e-05,-0.02422514
2019-05-14,2834.41,0.00801602,9.45052e-05,0.00792151
2019-05-15,2850.96,0.00583896,9.41176e-05,0.00574484
2019-05-16,2876.32,0.00889525,9.41176e-05,0.00880113
2019-05-17,2859.53,-0.00583732,9.373e-05,-0.00593105
2019-05-20,2840.23,-0.00674936,9.373e-05,-0.00684309
2019-05-21,2864.36,0.00849579,9.29548e-05,0.00840284
2019-05-22,2856.27,-0.00282437,9.25671e-05,-0.00291693
2019-05-23,2822.24,-0.01191414,9.33424e-05,-0.01200748
2019-05-24,2826.06,0.00135353,9.29548e-05,0.00126058
2019-05-28,2802.39,-0.00837562,9.21794e-05,-0.0084678
2019-05-29,2783.02,-0.00691196,9.21794e-05,-0.00700414
2019-05-30,2788.86,0.00209844,9.29548e-05,0.00200549
2019-05-31,2752.06,-0.01319536,9.21794e-05,-0.01328754
2019-06-03,2744.45,-0.0027652,9.25671e-05,-0.00285777
2019-06-04,2803.27,0.02143235,9.17916e-05,0.02134055
2019-06-05,2826.15,0.0081619,9.06281e-05,0.00807127
2019-06-06,2843.49,0.00613556,9.10159e-05,0.00604454
2019-06-07,2873.34,0.01049766,9.02401e-05,0.01040742
2019-06-10,2886.73,0.00466008,9.02401e-05,0.00456984
2019-06-11,2885.72,-0.00034988,8.90761e-05,-0.00043895
2019-06-12,2879.84,-0.00203762,8.59705e-05,-0.00212359
2019-06-13,2891.64,0.00409745,8.79118e-05,0.00400954
2019-06-14,2886.98,-0.00161154,8.75236e-05,-0.00169907
2019-06-17,2889.67,0.00093177,8.71354e-05,0.00084463
2019-06-18,2917.75,0.00971737,8.55821e-05,0.00963179
2019-06-19,2926.46,0.00298518,8.40283e-05,0.00290115
2019-06-20,2954.18,0.0094722,8.51937e-05,0.009387
2019-06-21,2950.46,-0.00125923,8.48053e-05,-0.00134404
2019-06-24,2945.35,-0.00173193,8.32511e-05,-0.00181518
2019-06-25,2917.38,-0.00949632,8.28625e-05,-0.00957919
2019-06-26,2913.78,-0.00123398,8.28625e-05,-0.00131685
2019-06-27,2924.92,0.00382321,8.59705e-05,0.00373724
2019-06-28,2941.76,0.00575742,8.55821e-05,0.00567184
2019-07-01,2964.33,0.00767228,8.51937e-05,0.00758708
2019-07-02,2973.01,0.00292815,8.67472e-05,0.0028414
2019-07-03,2995.82,0.00767236,8.83e-05,0.00758406
2019-07-05,2990.41,-0.00180585,8.86881e-05,-0.00189454
2019-07-08,2975.95,-0.00483546,8.75236e-05,-0.00492298
2019-07-09,2979.63,0.00123658,8.71354e-05,0.00114944
2019-07-10,2993.07,0.00451063,8.55821e-05,0.00442505
2019-07-11,2999.91,0.00228528,8.51937e-05,0.00220009
2019-07-12,3013.77,0.00462014,8.48053e-05,0.00453533
2019-07-15,3014.3,0.00017586,8.51937e-05,9.067e-05
2019-07-16,3004.04,-0.00340378,8.48053e-05,-0.00348858
2019-07-17,2984.42,-0.0065312,8.36397e-05,-0.00661484
2019-07-18,2995.11,0.00358194,8.28625e-05,0.00349907
2019-07-19,2976.61,-0.00617673,8.28625e-05,-0.0062596
2019-07-22,2985.03,0.00282872,8.36397e-05,0.00274508
2019-07-23,3005.47,0.0068475,8.32511e-05,0.00676425
2019-07-24,3019.56,0.00468812,8.24738e-05,0.00460564
2019-07-25,3003.67,-0.00526236,8.48053e-05,-0.00534716
2019-07-26,3025.86,0.00738763,8.36397e-05,0.00730399
2019-07-29,3020.97,-0.00161607,8.32511e-05,-0.00169932
2019-07-30,3013.18,-0.00257864,8.13075e-05,-0.00265995
2019-07-31,2980.38,-0.01088551,7.8974e-05,-0.01096448
2019-08-01,2953.56,-0.00899885,8.28625e-05,-0.00908171
2019-08-02,2932.05,-0.00728274,8.28625e-05,-0.0073656
2019-08-05,2844.74,-0.0297778,8.13075e-05,-0.02985911
2019-08-06,2881.77,0.01301701,8.05298e-05,0.01293648
2019-08-07,2883.98,0.00076689,7.9363e-05,0.00068753
2019-08-08,2938.09,0.01876227,8.20851e-05,0.01868018
2019-08-09,2918.65,-0.00661654,8.05298e-05,-0.00669707
2019-08-12,2883.75,-0.01195758,8.20851e-05,-0.01203967
2019-08-13,2926.32,0.01476203,8.05298e-05,0.0146815
2019-08-14,2840.6,-0.02929276,7.78067e-05,-0.02937057
2019-08-15,2847.6,0.00246427,8.16963e-05,0.00238257
2019-08-16,2888.68,0.01442618,8.05298e-05,0.01434565
2019-08-19,2923.65,0.01210588,8.09187e-05,0.01202496
2019-08-20,2900.51,-0.00791476,8.05298e-05,-0.00799529
2019-08-21,2924.43,0.00824683,7.9752e-05,0.00816707
2019-08-22,2922.95,-0.00050608,8.24738e-05,-0.00058856
2019-08-23,2847.11,-0.02594639,8.13075e-05,-0.0260277
2019-08-26,2878.38,0.01098307,8.20851e-05,0.01090098
2019-08-27,2869.16,-0.00320319,8.13075e-05,-0.0032845
2019-08-28,2887.94,0.00654547,8.13075e-05,0.00646416
2019-08-29,2924.58,0.01268724,8.24738e-05,0.01260477
2019-08-30,2926.46,0.00064283,8.24738e-05,0.00056035
2019-09-03,2906.27,-0.00689912,8.09187e-05,-0.00698004
2019-09-04,2937.78,0.01084208,8.05298e-05,0.01076155
2019-09-05,2976.0,0.01300982,8.05298e-05,0.01292929
2019-09-06,2978.71,0.00091062,8.05298e-05,0.00083009
2019-09-09,2978.43,-9.4e-05,8.01409e-05,-0.00017414
2019-09-10,2979.39,0.00032232,8.01409e-05,0.00024218
2019-09-11,3000.93,0.00722967,7.8974e-05,0.00715069
2019-09-12,3009.57,0.00287911,7.81958e-05,0.00280091
2019-09-13,3007.39,-0.00072436,7.81958e-05,-0.00080255
2019-09-16,2997.96,-0.00313561,8.16963e-05,-0.00321731
2019-09-17,3005.7,0.00258176,8.24738e-05,0.00249928
2019-09-18,3006.73,0.00034268,7.62498e-05,0.00026643
2019-09-19,3006.79,1.996e-05,7.8974e-05,-5.902e-05
2019-09-20,2992.07,-0.00489559,7.66391e-05,-0.00497223
2019-09-23,2991.78,-9.692e-05,7.62498e-05,-0.00017317
2019-09-24,2966.6,-0.00841639,7.46923e-05,-0.00849109
2019-09-25,2984.87,0.00615857,7.07958e-05,0.00608777
2019-09-26,2977.62,-0.00242892,7.50817e-05,-0.002504
2019-09-27,2961.79,-0.00531633,7.46923e-05,-0.00539102
2019-09-30,2976.74,0.00504762,7.50817e-05,0.00497254
2019-10-01,2940.25,-0.01225838,7.0406e-05,-0.01232878
2019-10-02,2887.61,-0.01790324,6.88462e-05,-0.01797209
2019-10-03,2910.63,0.00797199,7.00161e-05,0.00790197
2019-10-04,2952.01,0.01421685,6.8066e-05,0.01414879
2019-10-07,2938.79,-0.0044783,6.92362e-05,-0.00454754
2019-10-08,2893.06,-0.01556083,6.65053e-05,-0.01562733
2019-10-09,2919.4,0.00910455,6.65053e-05,0.00903804
2019-10-10,2938.13,0.0064157,6.84561e-05,0.00634725
2019-10-11,2970.27,0.01093893,6.92362e-05,0.01086969
2019-10-14,2966.15,-0.00138708,,
2019-10-15,2995.68,0.00995567,6.84561e-05,0.00988721
2019-10-16,2989.69,-0.00199955,6.72858e-05,-0.00206683
2019-10-17,2997.95,0.00276283,6.84561e-05,0.00269437
2019-10-18,2986.2,-0.00391934,6.88462e-05,-0.00398819
2019-10-21,3006.72,0.00687161,6.92362e-05,0.00680237
2019-10-22,2995.99,-0.00356867,6.88462e-05,-0.00363752
2019-10-23,3004.52,0.00284714,6.84561e-05,0.00277868
2019-10-24,3010.29,0.00192044,6.88462e-05,0.00185159
2019-10-25,3022.55,0.0040727,6.8066e-05,0.00400463
2019-10-28,3039.42,0.00558138,6.84561e-05,0.00551292
2019-10-29,3036.89,-0.0008324,6.53344e-05,-0.00089773
2019-10-30,3046.77,0.00325333,6.3382e-05,0.00318995
2019-10-31,3037.56,-0.00302287,6.26008e-05,-0.00308547
2019-11-01,3066.91,0.00966236,6.22102e-05,0.00960015
2019-11-04,3078.27,0.00370405,6.22102e-05,0.00364184
2019-11-05,3074.62,-0.00118573,6.14288e-05,-0.00124716
2019-11-06,3076.78,0.00070253,6.1038e-05,0.00064149
2019-11-07,3085.18,0.00273013,6.18195e-05,0.00266831
2019-11-08,3093.08,0.00256063,6.14288e-05,0.0024992
2019-11-11,3087.01,-0.00196245,,
2019-11-12,3091.84,0.00156462,6.14288e-05,0.00150319
2019-11-13,3094.04,0.00071155,6.14288e-05,0.00065012
2019-11-14,3096.63,0.00083709,6.26008e-05,0.00077449
2019-11-15,3120.46,0.00769546,6.26008e-05,0.00763286
2019-11-18,3122.03,0.00050313,6.26008e-05,0.00044053
2019-11-19,3120.18,-0.00059256,6.22102e-05,-0.00065477
2019-11-20,3108.46,-0.00375619,6.18195e-05,-0.00381801
2019-11-21,3103.54,-0.00158278,6.18195e-05,-0.0016446
2019-11-22,3110.29,0.00217494,6.22102e-05,0.00211273
2019-11-25,3133.64,0.00750734,6.29915e-05,0.00744435
2019-11-26,3140.52,0.00219553,6.41631e-05,0.00213137
2019-11-27,3153.63,0.00417447,6.4944e-05,0.00410952
2019-11-29,3140.98,-0.00401125,6.37726e-05,-0.00407502
2019-12-02,3113.87,-0.00863106,6.29915e-05,-0.00869406
2019-12-03,3093.2,-0.00663804,6.14288e-05,-0.00669947
2019-12-04,3112.76,0.00632355,6.26008e-05,0.00626095
2019-12-05,3117.43,0.00150028,5.98654e-05,0.00144041
2019-12-06,3145.91,0.00913573,5.98654e-05,0.00907586
2019-12-09,3135.96,-0.00316284,6.06472e-05,-0.00322348
2019-12-10,3132.52,-0.00109695,6.02563e-05,-0.00115721
2019-12-11,3141.63,0.0029082,6.06472e-05,0.00284755
2019-12-12,3168.57,0.00857517,6.18195e-05,0.00851335
2019-12-13,3168.8,7.259e-05,6.1038e-05,1.155e-05
2019-12-16,3191.45,0.00714782,6.18195e-05,0.007086
2019-12-17,3192.52,0.00033527,6.14288e-05,0.00027384
2019-12-18,3191.14,-0.00043226,6.14288e-05,-0.00049369
2019-12-19,3205.37,0.00445922,6.06472e-05,0.00439857
2019-12-20,3221.22,0.00494483,6.18195e-05,0.00488301
2019-12-23,3224.01,0.00086613,6.18195e-05,0.00080431
2019-12-24,3223.38,-0.00019541,6.1038e-05,-0.00025645
2019-12-26,3239.91,0.00512816,6.26008e-05,0.00506556
2019-12-27,3240.02,3.395e-05,6.14288e-05,-2.748e-05
2019-12-30,3221.29,-0.00578083,5.94745e-05,-0.0058403
2019-12-31,3230.78,0.00294602,5.83015e-05,0.00288772
2020-01-02,3257.85,0.00837878,6.02563e-05,0.00831853
2020-01-03,3234.85,-0.00705987,5.98654e-05,-0.00711974
2020-01-06,3246.28,0.00353339,6.06472e-05,0.00347275
2020-01-07,3237.18,-0.00280321,5.98654e-05,-0.00286307
2020-01-08,3253.05,0.00490242,5.90835e-05,0.00484333
2020-01-09,3274.7,0.00665529,6.02563e-05,0.00659504
2020-01-10,3265.35,-0.00285522,5.98654e-05,-0.00291509
2020-01-13,3288.13,0.00697628,6.06472e-05,0.00691563
2020-01-14,3283.15,-0.00151454,6.02563e-05,-0.00157479
2020-01-15,3289.29,0.00187016,6.02563e-05,0.0018099
2020-01-16,3316.81,0.00836655,6.06472e-05,0.0083059
2020-01-17,3329.62,0.00386214,6.06472e-05,0.0038015
2020-01-21,3320.79,-0.00265195,5.98654e-05,-0.00271182
2020-01-22,3321.75,0.00028909,5.98654e-05,0.00022922
2020-01-23,3325.54,0.00114096,6.1038e-05,0.00107993
2020-01-24,3295.47,-0.00904214,6.06472e-05,-0.00910279
2020-01-27,3243.63,-0.01573068,6.02563e-05,-0.01579094
2020-01-28,3276.24,0.01005355,6.02563e-05,0.00999329
2020-01-29,3273.4,-0.00086685,5.98654e-05,-0.00092671
2020-01-30,3283.66,0.00313436,6.26008e-05,0.00307175
2020-01-31,3225.52,-0.01770585,6.14288e-05,-0.01776728
2020-02-03,3248.92,0.00725464,6.14288e-05,0.00719322
2020-02-04,3297.59,0.01498036,6.1038e-05,0.01491932
2020-02-05,3334.69,0.01125064,6.1038e-05,0.0111896
2020-02-06,3345.78,0.00332565,6.26008e-05,0.00326305
2020-02-07,3327.71,-0.00540083,6.18195e-05,-0.00546265
2020-02-10,3352.09,0.00732636,6.22102e-05,0.00726415
2020-02-11,3357.75,0.0016885,6.18195e-05,0.00162668
2020-02-12,3379.45,0.00646266,6.18195e-05,0.00640084
2020-02-13,3373.94,-0.00163044,6.26008e-05,-0.00169304
2020-02-14,3380.16,0.00184354,6.29915e-05,0.00178055
2020-02-18,3370.29,-0.00291998,6.3382e-05,-0.00298336
2020-02-19,3386.15,0.00470583,6.3382e-05,0.00464244
2020-02-20,3373.23,-0.00381554,6.3382e-05,-0.00387892
2020-02-21,3337.75,-0.01051811,6.29915e-05,-0.0105811
2020-02-24,3225.89,-0.03351359,6.29915e-05,-0.03357659
2020-02-25,3128.21,-0.03028002,6.26008e-05,-0.03034262
2020-02-26,3116.39,-0.00377852,6.26008e-05,-0.00384112
2020-02-27,2978.76,-0.04416328,6.14288e-05,-0.04422471
2020-02-28,2954.22,-0.00823833,5.71281e-05,-0.00829546
2020-03-02,3090.23,0.04603923,5.55631e-05,0.04598366
2020-03-03,3003.37,-0.02810794,4.38059e-05,-0.02815175
2020-03-04,3130.12,0.04220259,3.94862e-05,0.04216311
2020-03-05,3023.94,-0.03392202,3.63417e-05,-0.03395836
2020-03-06,2972.37,-0.01705391,3.12265e-05,-0.01708514
2020-03-09,2746.56,-0.07596968,2.25551e-05,-0.07599224
2020-03-10,2882.23,0.04939634,2.25551e-05,0.04937378
2020-03-11,2741.38,-0.04886841,1.66319e-05,-0.04888504
2020-03-12,2480.64,-0.09511268,1.62367e-05,-0.09512892
2020-03-13,2711.02,0.09287119,1.30738e-05,0.09285812
2020-03-16,2386.13,-0.1198405,9.9083e-06,-0.11985041
2020-03-17,2529.19,0.05995482,4.7591e-06,0.05995006
2020-03-18,2398.1,-0.05183082,1.587e-06,-0.05183241
2020-03-19,2409.39,0.00470789,1.587e-06,0.00470631
2020-03-20,2304.92,-0.04335952,1.587e-06,-0.04336111
2020-03-23,2237.4,-0.02929386,3.968e-07,-0.02929426
2020-03-24,2447.33,0.09382766,3.968e-07,0.09382726
2020-03-25,2475.56,0.01153502,0.0,0.01153502
2020-03-26,2630.07,0.06241416,3.968e-07,0.06241376
2020-03-27,2541.47,-0.03368732,3.968e-07,-0.03368771
2020-03-30,2626.65,0.03351604,1.587e-06,0.03351445
2020-03-31,2584.59,-0.01601279,1.9836e-06,-0.01601478
2020-04-01,2470.5,-0.0441424,1.1903e-06,-0.04414359
2020-04-02,2526.9,0.02282939,3.5698e-06,0.02282582
2020-04-03,2488.65,-0.01513712,3.5698e-06,-0.01514069
2020-04-06,2663.68,0.0703313,3.5698e-06,0.07032773
2020-04-07,2659.41,-0.00160305,3.9663e-06,-0.00160701
2020-04-08,2749.98,0.03405643,5.5517e-06,0.03405087
2020-04-09,2789.82,0.01448738,7.9286e-06,0.01447945
2020-04-13,2761.63,-0.01010459,6.7403e-06,-0.01011133
2020-04-14,2846.06,0.03057252,6.7403e-06,0.03056578
2020-04-15,2783.36,-0.02203046,5.5517e-06,-0.02203601
2020-04-16,2799.55,0.00581671,5.5517e-06,0.00581116
2020-04-17,2874.56,0.02679359,4.7591e-06,0.02678883
2020-04-20,2823.16,-0.017881,3.9663e-06,-0.01788496
2020-04-21,2736.56,-0.03067485,3.1733e-06,-0.03067802
2020-04-22,2799.31,0.02293025,3.5698e-06,0.02292668
2020-04-23,2797.8,-0.00053942,3.5698e-06,-0.00054299
2020-04-24,2836.74,0.01391808,3.9663e-06,0.01391411
2020-04-27,2878.48,0.01471407,3.5698e-06,0.0147105
2020-04-28,2863.39,-0.00524235,3.1733e-06,-0.00524552
2020-04-29,2939.51,0.02658387,3.9663e-06,0.02657991
2020-04-30,2912.43,-0.00921242,3.9663e-06,-0.00921639
2020-05-01,2830.71,-0.02805904,3.9663e-06,-0.02806301
2020-05-04,2842.74,0.00424982,3.9663e-06,0.00424585
2020-05-05,2868.44,0.00904057,3.5698e-06,0.009037
2020-05-06,2848.42,-0.0069794,3.1733e-06,-0.00698258
2020-05-07,2881.19,0.01150462,3.9663e-06,0.01150066
2020-05-08,2929.8,0.0168715,3.9663e-06,0.01686753
2020-05-11,2930.32,0.00017749,3.5698e-06,0.00017392
2020-05-12,2870.12,-0.02054383,3.9663e-06,-0.0205478
2020-05-13,2820.0,-0.01746268,3.9663e-06,-0.01746665
2020-05-14,2852.5,0.01152482,3.5698e-06,0.01152125
2020-05-15,2863.7,0.00392638,3.5698e-06,0.00392281
2020-05-18,2953.91,0.0315012,3.9663e-06,0.03149724
2020-05-19,2922.94,-0.01048441,3.5698e-06,-0.01048798
2020-05-20,2971.61,0.01665104,3.1733e-06,0.01664787
2020-05-21,2948.51,-0.00777356,3.5698e-06,-0.00777713
2020-05-22,2955.45,0.00235373,3.5698e-06,0.00235016
2020-05-26,2991.77,0.01228916,3.9663e-06,0.01228519
2020-05-27,3036.13,0.01482734,4.3627e-06,0.01482298
2020-05-28,3029.73,-0.00210795,5.5517e-06,-0.0021135
2020-05-29,3044.31,0.00481231,5.1554e-06,0.00480715
2020-06-01,3055.73,0.00375126,4.7591e-06,0.0037465
2020-06-02,3080.82,0.0082108,4.7591e-06,0.00820604
2020-06-03,3122.87,0.01364896,4.7591e-06,0.0136442
2020-06-04,3112.35,-0.0033687,5.1554e-06,-0.00337385
2020-06-05,3193.93,0.0262117,5.1554e-06,0.02620655
2020-06-08,3232.39,0.01204159,5.9479e-06,0.01203564
2020-06-09,3207.18,-0.00779918,5.5517e-06,-0.00780473
2020-06-10,3190.14,-0.00531308,5.1554e-06,-0.00531823
2020-06-11,3002.1,-0.05894412,5.5517e-06,-0.05894967
2020-06-12,3041.31,0.01306086,5.5517e-06,0.01305531
2020-06-15,3066.59,0.00831221,5.9479e-06,0.00830626
2020-06-16,3124.74,0.01896243,5.5517e-06,0.01895688
2020-06-17,3113.49,-0.0036003,5.1554e-06,-0.00360545
2020-06-18,3115.34,0.00059419,5.1554e-06,0.00058903
2020-06-19,3097.74,-0.00564946,5.1554e-06,-0.00565462
2020-06-22,3117.86,0.00649506,5.5517e-06,0.00648951
2020-06-23,3131.29,0.00430744,4.7591e-06,0.00430268
2020-06-24,3050.33,-0.02585516,4.3627e-06,-0.02585952
2020-06-25,3083.76,0.01095947,5.1554e-06,0.01095431
2020-06-26,3009.05,-0.02422692,4.7591e-06,-0.02423168
2020-06-29,3053.24,0.0146857,4.3627e-06,0.01468134
2020-06-30,3100.29,0.01540986,5.1554e-06,0.0154047
2020-07-01,3115.86,0.00502211,4.7591e-06,0.00501735
2020-07-02,3130.01,0.00454128,5.1554e-06,0.00453613
2020-07-06,3179.72,0.01588174,4.7591e-06,0.01587698
2020-07-07,3145.32,-0.01081856,4.7591e-06,-0.01082332
2020-07-08,3169.94,0.0078275,4.3627e-06,0.00782314
2020-07-09,3152.05,-0.00564364,4.3627e-06,-0.005648
2020-07-10,3185.04,0.0104662,3.9663e-06,0.01046224
2020-07-13,3155.22,-0.00936252,4.3627e-06,-0.00936688
2020-07-14,3197.52,0.01340636,4.3627e-06,0.01340199
2020-07-15,3226.56,0.00908204,4.7591e-06,0.00907728
2020-07-16,3215.57,-0.0034061,4.7591e-06,-0.00341086
2020-07-17,3224.73,0.00284864,4.3627e-06,0.00284428
2020-07-20,3251.84,0.00840691,4.3627e-06,0.00840254
2020-07-21,3257.3,0.00167905,3.5698e-06,0.00167548
2020-07-22,3276.02,0.00574709,3.5698e-06,0.00574352
2020-07-23,3235.66,-0.01231983,3.5698e-06,-0.0123234
2020-07-24,3215.63,-0.00619039,3.9663e-06,-0.00619436
2020-07-27,3239.41,0.00739513,3.9663e-06,0.00739116
2020-07-28,3218.44,-0.0064734,3.5698e-06,-0.00647697
2020-07-29,3258.44,0.01242838,3.5698e-06,0.01242481
2020-07-30,3246.22,-0.00375026,3.9663e-06,-0.00375423
2020-07-31,3271.12,0.00767046,3.5698e-06,0.00766689
2020-08-03,3294.61,0.00718103,3.5698e-06,0.00717746
2020-08-04,3306.51,0.00361196,3.5698e-06,0.00360839
2020-08-05,3327.77,0.00642974,3.1733e-06,0.00642657
2020-08-06,3349.16,0.00642773,2.7768e-06,0.00642495
2020-08-07,3351.28,0.00063299,3.1733e-06,0.00062982
2020-08-10,3360.47,0.00274224,3.5698e-06,0.00273867
2020-08-11,3333.69,-0.00796912,3.1733e-06,-0.0079723
2020-08-12,3380.35,0.0139965,3.1733e-06,0.01399333
2020-08-13,3373.43,-0.00204713,3.1733e-06,-0.0020503
2020-08-14,3372.85,-0.00017193,3.5698e-06,-0.0001755
2020-08-17,3381.99,0.00270987,3.5698e-06,0.0027063
2020-08-18,3389.78,0.00230338,3.1733e-06,0.0023002
2020-08-19,3374.85,-0.00440442,2.7768e-06,-0.00440719
2020-08-20,3385.51,0.00315866,3.1733e-06,0.00315549
2020-08-21,3397.16,0.00344114,2.7768e-06,0.00343836
2020-08-24,3431.28,0.01004368,3.5698e-06,0.01004011
2020-08-25,3443.62,0.00359633,3.1733e-06,0.00359315
2020-08-26,3478.73,0.01019567,3.1733e-06,0.01019249
2020-08-27,3484.55,0.00167302,3.5698e-06,0.00166945
2020-08-28,3508.01,0.00673258,3.5698e-06,0.00672901
2020-08-31,3500.31,-0.00219498,3.1733e-06,-0.00219815
2020-09-01,3526.65,0.00752505,3.5698e-06,0.00752148
2020-09-02,3580.84,0.01536586,3.9663e-06,0.01536189
2020-09-03,3455.06,-0.03512584,3.9663e-06,-0.0351298
2020-09-04,3426.96,-0.008133,3.5698e-06,-0.00813657
2020-09-08,3331.84,-0.02775638,3.9663e-06,-0.02776035
2020-09-09,3398.96,0.02014502,3.9663e-06,0.02014106
2020-09-10,3339.19,-0.01758479,3.9663e-06,-0.01758876
2020-09-11,3340.97,0.00053306,3.9663e-06,0.0005291
2020-09-14,3383.54,0.01274181,3.9663e-06,0.01273784
2020-09-15,3401.2,0.00521939,3.5698e-06,0.00521582
2020-09-16,3385.49,-0.00461896,3.1733e-06,-0.00462213
2020-09-17,3357.01,-0.00841237,3.5698e-06,-0.00841594
2020-09-18,3319.47,-0.01118257,3.5698e-06,-0.01118614
2020-09-21,3281.06,-0.01157112,3.5698e-06,-0.01157469
2020-09-22,3315.57,0.01051794,3.1733e-06,0.01051477
2020-09-23,3236.92,-0.02372141,3.1733e-06,-0.02372458
2020-09-24,3246.59,0.00298741,3.1733e-06,0.00298423
2020-09-25,3298.46,0.01597676,3.1733e-06,0.01597359
2020-09-28,3351.6,0.01611055,3.5698e-06,0.01610698
2020-09-29,3335.47,-0.00481263,2.7768e-06,-0.0048154
2020-09-30,3363.0,0.00825371,3.1733e-06,0.00825054
2020-10-01,3380.8,0.00529289,3.5698e-06,0.00528932
2020-10-02,3348.44,-0.0095717,3.9663e-06,-0.00957567
2020-10-05,3408.63,0.01797553,3.5698e-06,0.01797197
2020-10-06,3360.95,-0.01398802,3.1733e-06,-0.0139912
2020-10-07,3419.45,0.01740579,3.1733e-06,0.01740262
2020-10-08,3446.83,0.00800714,3.5698e-06,0.00800357
2020-10-09,3477.13,0.00879069,3.9663e-06,0.00878672
2020-10-12,3534.22,0.01641871,,
2020-10-13,3511.93,-0.00630691,3.5698e-06,-0.00631048
2020-10-14,3488.67,-0.00662314,3.9663e-06,-0.00662711
2020-10-15,3483.34,-0.0015278,3.9663e-06,-0.00153177
2020-10-16,3483.81,0.00013493,3.5698e-06,0.00013136
2020-10-19,3426.92,-0.01632982,3.5698e-06,-0.01633339
2020-10-20,3443.12,0.00472728,3.1733e-06,0.0047241
2020-10-21,3435.56,-0.00219568,3.1733e-06,-0.00219886
2020-10-22,3453.49,0.00521895,3.5698e-06,0.00521538
2020-10-23,3465.39,0.00344579,3.1733e-06,0.00344262
2020-10-26,3400.97,-0.01858954,3.1733e-06,-0.01859271
2020-10-27,3390.68,-0.00302561,3.1733e-06,-0.00302878
2020-10-28,3271.03,-0.03528791,2.7768e-06,-0.03529068
2020-10-29,3310.11,0.01194731,3.1733e-06,0.01194413
2020-10-30,3269.96,-0.01212951,3.1733e-06,-0.01213268
2020-11-02,3310.24,0.01231819,3.5698e-06,0.01231462
2020-11-03,3369.16,0.01779931,3.5698e-06,0.01779574
2020-11-04,3443.44,0.02204704,3.1733e-06,0.02204387
2020-11-05,3510.45,0.01946019,3.5698e-06,0.01945662
2020-11-06,3509.44,-0.00028771,3.9663e-06,-0.00029168
2020-11-09,3550.5,0.01169987,3.9663e-06,0.01169591
2020-11-10,3545.53,-0.0013998,3.5698e-06,-0.00140337
2020-11-11,3572.66,0.00765189,,
2020-11-12,3537.01,-0.00997856,3.9663e-06,-0.00998253
2020-11-13,3585.15,0.01361037,3.9663e-06,0.0136064
2020-11-16,3626.91,0.01164805,3.5698e-06,0.01164448
2020-11-17,3609.53,-0.00479196,3.1733e-06,-0.00479513
2020-11-18,3567.79,-0.01156383,2.7768e-06,-0.01156661
2020-11-19,3581.87,0.00394642,3.1733e-06,0.00394325
2020-11-20,3557.54,-0.00679254,3.5698e-06,-0.00679611
2020-11-23,3577.59,0.00563592,3.1733e-06,0.00563274
2020-11-24,3635.41,0.01616172,3.1733e-06,0.01615854
2020-11-25,3629.65,-0.00158442,2.7768e-06,-0.00158719
2020-11-27,3638.35,0.00239693,3.5698e-06,0.00239336
2020-11-30,3621.63,-0.00459549,3.1733e-06,-0.00459866
2020-12-01,3662.45,0.01127117,2.7768e-06,0.01126839
2020-12-02,3669.01,0.00179115,2.7768e-06,0.00178837
2020-12-03,3666.72,-0.00062415,3.1733e-06,-0.00062732
2020-12-04,3699.12,0.00883624,2.7768e-06,0.00883346
2020-12-07,3691.96,-0.0019356,3.5698e-06,-0.00193917
2020-12-08,3702.25,0.00278714,3.1733e-06,0.00278396
2020-12-09,3672.82,-0.00794922,2.7768e-06,-0.007952
2020-12-10,3668.1,-0.00128512,2.7768e-06,-0.00128789
2020-12-11,3663.46,-0.00126496,3.1733e-06,-0.00126813
2020-12-14,3647.49,-0.00435927,2.7768e-06,-0.00436204
2020-12-15,3694.62,0.01292121,2.7768e-06,0.01291844
2020-12-16,3701.17,0.00177285,3.1733e-06,0.00176967
2020-12-17,3722.48,0.00575764,3.1733e-06,0.00575447
2020-12-18,3709.41,-0.0035111,3.1733e-06,-0.00351427
2020-12-21,3694.92,-0.00390628,3.1733e-06,-0.00390945
2020-12-22,3687.26,-0.00207312,2.7768e-06,-0.00207589
2020-12-23,3690.01,0.00074581,2.7768e-06,0.00074303
2020-12-24,3703.06,0.00353658,3.5698e-06,0.00353301
2020-12-28,3735.36,0.00872252,3.5698e-06,0.00871895
2020-12-29,3727.04,-0.00222736,3.1733e-06,-0.00223054
2020-12-30,3732.04,0.00134155,2.3802e-06,0.00133917
2020-12-31,3756.07,0.00643884,3.1733e-06,0.00643566
2021-01-04,3700.65,-0.01475478,3.5698e-06,-0.01475835
2021-01-05,3726.86,0.00708254,3.1733e-06,0.00707937
2021-01-06,3748.14,0.0057099,3.5698e-06,0.00570633
2021-01-07,3803.79,0.01484736,3.5698e-06,0.01484379
2021-01-08,3824.68,0.00549189,3.1733e-06,0.00548872
2021-01-11,3799.61,-0.0065548,3.5698e-06,-0.00655837
2021-01-12,3801.19,0.00041583,3.5698e-06,0.00041226
2021-01-13,3809.84,0.0022756,3.5698e-06,0.00227203
2021-01-14,3795.54,-0.00375344,3.5698e-06,-0.00375701
2021-01-15,3768.25,-0.00719002,3.1733e-06,-0.00719319
2021-01-19,3798.91,0.0081364,2.7768e-06,0.00813363
2021-01-20,3851.85,0.01393558,3.1733e-06,0.0139324
2021-01-21,3853.07,0.00031673,2.7768e-06,0.00031395
2021-01-22,3841.47,-0.00301059,2.7768e-06,-0.00301336
2021-01-25,3855.36,0.0036158,2.7768e-06,0.00361303
2021-01-26,3849.62,-0.00148884,1.9836e-06,-0.00149082
2021-01-27,3750.77,-0.02567786,1.9836e-06,-0.02567984
2021-01-28,3787.38,0.00976066,1.9836e-06,0.00975868
2021-01-29,3714.24,-0.0193115,2.7768e-06,-0.01931428
2021-02-01,3773.86,0.01605174,2.3802e-06,0.01604936
2021-02-02,3826.31,0.01389824,1.587e-06,0.01389665
2021-02-03,3830.17,0.0010088,1.1903e-06,0.00100761
2021-02-04,3871.74,0.0108533,1.1903e-06,0.01085211
2021-02-05,3886.83,0.00389747,7.936e-07,0.00389668
2021-02-08,3915.59,0.00739935,1.587e-06,0.00739776
2021-02-09,3911.23,-0.0011135,1.587e-06,-0.00111508
2021-02-10,3909.88,-0.00034516,1.9836e-06,-0.00034714
2021-02-11,3916.38,0.00166246,1.9836e-06,0.00166047
2021-02-12,3934.83,0.00471098,1.1903e-06,0.00470979
2021-02-16,3932.59,-0.00056927,1.1903e-06,-0.00057047
2021-02-17,3931.33,-0.0003204,1.1903e-06,-0.00032159
2021-02-18,3913.97,-0.00441581,1.1903e-06,-0.004417
2021-02-19,3906.71,-0.00185489,1.1903e-06,-0.00185608
2021-02-22,3876.5,-0.00773285,1.1903e-06,-0.00773404
2021-02-23,3881.37,0.00125629,1.1903e-06,0.0012551
2021-02-24,3925.43,0.01135166,1.1903e-06,0.01135047
2021-02-25,3829.34,-0.02447885,1.587e-06,-0.02448043
2021-02-26,3811.15,-0.00475017,1.587e-06,-0.00475175
2021-03-01,3901.82,0.02379072,1.1903e-06,0.02378953
2021-03-02,3870.29,-0.00808084,1.587e-06,-0.00808243
2021-03-03,3819.72,-0.0130662,1.587e-06,-0.01306779
2021-03-04,3768.47,-0.01341721,1.1903e-06,-0.0134184
2021-03-05,3841.94,0.01949598,1.587e-06,0.01949439
2021-03-08,3821.35,-0.00535927,1.587e-06,-0.00536086
2021-03-09,3875.44,0.01415468,1.587e-06,0.0141531
2021-03-10,3898.81,0.00603028,1.1903e-06,0.00602909
2021-03-11,3939.34,0.01039548,1.587e-06,0.01039389
2021-03-12,3943.34,0.0010154,1.1903e-06,0.00101421
2021-03-15,3968.94,0.00649196,7.936e-07,0.00649117
2021-03-16,3962.71,-0.00156969,3.968e-07,-0.00157009
2021-03-17,3974.12,0.00287934,3.968e-07,0.00287895
2021-03-18,3915.46,-0.0147605,3.968e-07,-0.0147609
2021-03-19,3913.1,-0.00060274,3.968e-07,-0.00060314
2021-03-22,3940.59,0.00702512,7.936e-07,0.00702433
2021-03-23,3910.52,-0.00763084,7.936e-07,-0.00763163
2021-03-24,3889.14,-0.0054673,7.936e-07,-0.0054681
2021-03-25,3909.52,0.00524023,7.936e-07,0.00523944
2021-03-26,3974.54,0.0166312,7.936e-07,0.0166304
2021-03-29,3971.09,-0.00086802,7.936e-07,-0.00086882
2021-03-30,3958.55,-0.00315782,3.968e-07,-0.00315822
2021-03-31,3972.89,0.00362254,3.968e-07,0.00362214
2021-04-01,4019.87,0.01182514,7.936e-07,0.01182435
2021-04-05,4077.91,0.01443828,1.1903e-06,0.01443709
2021-04-06,4073.94,-0.00097354,7.936e-07,-0.00097433
2021-04-07,4079.95,0.00147523,3.968e-07,0.00147483
2021-04-08,4097.17,0.00422064,7.936e-07,0.00421985
2021-04-09,4128.8,0.00771996,7.936e-07,0.00771917
2021-04-12,4127.99,-0.00019618,7.936e-07,-0.00019698
2021-04-13,4141.59,0.00329458,1.1903e-06,0.00329339
2021-04-14,4124.66,-0.0040878,7.936e-07,-0.0040886
2021-04-15,4170.42,0.01109425,7.936e-07,0.01109345
2021-04-16,4185.47,0.00360875,7.936e-07,0.00360796
2021-04-19,4163.26,-0.00530645,3.968e-07,-0.00530685
2021-04-20,4134.94,-0.00680236,3.968e-07,-0.00680276
2021-04-21,4173.42,0.00930606,0.0,0.00930606
2021-04-22,4134.98,-0.00921067,7.936e-07,-0.00921146
2021-04-23,4180.17,0.01092871,3.968e-07,0.01092831
2021-04-26,4187.62,0.00178222,7.936e-07,0.00178143
2021-04-27,4186.72,-0.00021492,3.968e-07,-0.00021532
2021-04-28,4183.18,-0.00084553,3.968e-07,-0.00084593
2021-04-29,4211.47,0.0067628,3.968e-07,0.0067624
2021-04-30,4181.17,-0.00719464,3.968e-07,-0.00719503
2021-05-03,4192.66,0.00274803,7.936e-07,0.00274724
2021-05-04,4164.66,-0.00667834,3.968e-07,-0.00667873
2021-05-05,4167.59,0.00070354,3.968e-07,0.00070314
2021-05-06,4201.62,0.00816539,3.968e-07,0.00816499
2021-05-07,4232.6,0.00737335,3.968e-07,0.00737295
2021-05-10,4188.43,-0.01043567,7.936e-07,-0.01043646
2021-05-11,4152.1,-0.00867389,3.968e-07,-0.00867429
2021-05-12,4063.04,-0.02144939,3.968e-07,-0.02144978
2021-05-13,4112.5,0.01217315,0.0,0.01217315
2021-05-14,4173.85,0.01491793,3.968e-07,0.01491754
2021-05-17,4163.29,-0.00253004,0.0,-0.00253004
2021-05-18,4127.83,-0.0085173,0.0,-0.0085173
2021-05-19,4115.68,-0.00294344,0.0,-0.00294344
2021-05-20,4159.12,0.01055476,3.968e-07,0.01055436
2021-05-21,4155.86,-0.00078382,0.0,-0.00078382
2021-05-24,4197.05,0.00991131,3.968e-07,0.00991091
2021-05-25,4188.13,-0.0021253,3.968e-07,-0.0021257
2021-05-26,4195.99,0.00187673,0.0,0.00187673
2021-05-27,4200.88,0.0011654,0.0,0.0011654
2021-05-28,4204.11,0.00076889,3.968e-07,0.00076849
2021-06-01,4202.04,-0.00049238,3.968e-07,-0.00049277
2021-06-02,4208.12,0.00144692,3.968e-07,0.00144652
2021-06-03,4192.85,-0.0036287,0.0,-0.0036287
2021-06-04,4229.89,0.00883409,3.968e-07,0.00883369
2021-06-07,4226.52,-0.00079671,3.968e-07,-0.00079711
2021-06-08,4227.26,0.00017508,3.968e-07,0.00017469
2021-06-09,4219.55,-0.00182388,3.968e-07,-0.00182427
2021-06-10,4239.18,0.00465215,3.968e-07,0.00465176
2021-06-11,4247.44,0.00194849,3.968e-07,0.00194809
2021-06-14,4255.15,0.00181521,3.968e-07,0.00181481
2021-06-15,4246.59,-0.00201168,7.936e-07,-0.00201247
2021-06-16,4223.7,-0.00539021,1.587e-06,-0.00539179
2021-06-17,4221.86,-0.00043564,1.9836e-06,-0.00043762
2021-06-18,4166.45,-0.01312455,1.9836e-06,-0.01312653
2021-06-21,4224.79,0.01400233,1.587e-06,0.01400074
2021-06-22,4246.44,0.00512452,1.587e-06,0.00512293
2021-06-23,4241.84,-0.00108326,1.587e-06,-0.00108485
2021-06-24,4266.49,0.00581116,1.9836e-06,0.00580917
2021-06-25,4280.7,0.00333061,1.9836e-06,0.00332862
2021-06-28,4290.61,0.00231504,1.587e-06,0.00231345
2021-06-29,4291.8,0.00027735,1.587e-06,0.00027576
2021-06-30,4297.5,0.00132811,1.9836e-06,0.00132613
2021-07-01,4319.94,0.00522164,1.9836e-06,0.00521966
2021-07-02,4352.34,0.0075001,1.9836e-06,0.00749812
2021-07-06,4343.54,-0.0020219,1.9836e-06,-0.00202388
2021-07-07,4358.13,0.00335901,1.9836e-06,0.00335703
2021-07-08,4320.82,-0.00856101,2.3802e-06,-0.00856339
2021-07-09,4369.55,0.01127795,2.3802e-06,0.01127557
2021-07-12,4384.63,0.00345116,1.9836e-06,0.00344917
2021-07-13,4369.21,-0.00351683,1.9836e-06,-0.00351881
2021-07-14,4374.3,0.00116497,2.3802e-06,0.00116259
2021-07-15,4360.03,-0.00326224,1.9836e-06,-0.00326422
2021-07-16,4327.16,-0.00753894,1.9836e-06,-0.00754092
2021-07-19,4258.49,-0.01586953,1.9836e-06,-0.01587151
2021-07-20,4323.06,0.01516265,1.9836e-06,0.01516067
2021-07-21,4358.69,0.00824185,1.587e-06,0.00824026
2021-07-22,4367.48,0.00201666,1.587e-06,0.00201507
2021-07-23,4411.79,0.01014544,1.9836e-06,0.01014345
2021-07-26,4422.3,0.00238225,1.9836e-06,0.00238027
2021-07-27,4401.46,-0.00471248,1.587e-06,-0.00471407
2021-07-28,4400.64,-0.0001863,1.587e-06,-0.00018789
2021-07-29,4419.15,0.00420621,1.9836e-06,0.00420422
2021-07-30,4395.26,-0.00540602,1.9836e-06,-0.005408
2021-08-02,4387.16,-0.00184289,1.9836e-06,-0.00184488
2021-08-03,4423.15,0.00820348,1.9836e-06,0.0082015
2021-08-04,4402.66,-0.00463245,1.9836e-06,-0.00463443
2021-08-05,4429.1,0.00600546,1.9836e-06,0.00600348
2021-08-06,4436.52,0.00167528,1.587e-06,0.0016737
2021-08-09,4432.35,-0.00093993,1.587e-06,-0.00094151
2021-08-10,4436.75,0.0009927,1.9836e-06,0.00099072
2021-08-11,4447.7,0.00246802,1.9836e-06,0.00246604
2021-08-12,4460.83,0.00295209,1.9836e-06,0.0029501
2021-08-13,4468.0,0.00160732,1.587e-06,0.00160574
2021-08-16,4479.71,0.00262086,1.587e-06,0.00261927
2021-08-17,4448.08,-0.00706072,1.1903e-06,-0.00706192
2021-08-18,4400.27,-0.01074846,1.1903e-06,-0.01074965
2021-08-19,4405.8,0.00125674,1.587e-06,0.00125515
2021-08-20,4441.67,0.00814154,1.587e-06,0.00813995
2021-08-23,4479.53,0.00852382,1.587e-06,0.00852223
2021-08-24,4486.23,0.00149569,1.1903e-06,0.0014945
2021-08-25,4496.19,0.00222013,1.587e-06,0.00221854
2021-08-26,4470.0,-0.00582493,1.587e-06,-0.00582652
2021-08-27,4509.37,0.00880761,1.587e-06,0.00880602
2021-08-30,4528.79,0.00430659,1.587e-06,0.004305
2021-08-31,4522.68,-0.00134915,1.1903e-06,-0.00135034
2021-09-01,4524.09,0.00031176,1.587e-06,0.00031018
2021-09-02,4536.95,0.00284256,1.9836e-06,0.00284058
2021-09-03,4535.43,-0.00033503,1.587e-06,-0.00033661
2021-09-07,4520.03,-0.00339549,1.587e-06,-0.00339708
2021-09-08,4514.07,-0.00131858,1.9836e-06,-0.00132056
2021-09-09,4493.28,-0.0046056,2.7768e-06,-0.00460838
2021-09-10,4458.58,-0.00772264,2.3802e-06,-0.00772502
2021-09-13,4468.73,0.00227651,2.3802e-06,0.00227413
2021-09-14,4443.05,-0.0057466,1.9836e-06,-0.00574858
2021-09-15,4480.7,0.00847391,1.587e-06,0.00847232
2021-09-16,4473.75,-0.0015511,2.3802e-06,-0.00155348
2021-09-17,4432.99,-0.00911092,2.3802e-06,-0.00911331
2021-09-20,4357.73,-0.01697725,2.3802e-06,-0.01697963
2021-09-21,4354.19,-0.00081235,1.9836e-06,-0.00081433
2021-09-22,4395.64,0.00951957,1.587e-06,0.00951798
2021-09-23,4448.98,0.01213475,1.9836e-06,0.01213277
2021-09-24,4455.48,0.00146101,2.3802e-06,0.00145863
2021-09-27,4443.11,-0.00277636,2.3802e-06,-0.00277874
2021-09-28,4352.63,-0.02036411,2.7768e-06,-0.02036689
2021-09-29,4359.46,0.00156917,1.9836e-06,0.00156718
2021-09-30,4307.54,-0.01190973,2.7768e-06,-0.01191251
2021-10-01,4357.04,0.01149148,3.1733e-06,0.0114883
2021-10-04,4300.46,-0.01298588,3.5698e-06,-0.01298945
2021-10-05,4345.72,0.01052446,3.9663e-06,0.01052049
2021-10-06,4363.55,0.00410289,2.3802e-06,0.00410051
2021-10-07,4399.76,0.00829829,1.1903e-06,0.0082971
2021-10-08,4391.34,-0.00191374,7.936e-07,-0.00191453
2021-10-11,4361.19,-0.00686579,,
2021-10-12,4350.65,-0.00241677,1.1903e-06,-0.00241796
2021-10-13,4363.8,0.00302254,1.1903e-06,0.00302135
2021-10-14,4438.26,0.01706311,1.9836e-06,0.01706113
2021-10-15,4471.37,0.00746013,1.587e-06,0.00745854
2021-10-18,4486.46,0.0033748,1.9836e-06,0.00337282
2021-10-19,4519.63,0.00739336,2.3802e-06,0.00739098
2021-10-20,4536.19,0.00366402,2.3802e-06,0.00366164
2021-10-21,4549.78,0.00299591,2.3802e-06,0.00299353
2021-10-22,4544.9,-0.00107258,1.9836e-06,-0.00107456
2021-10-25,4566.48,0.00474818,2.7768e-06,0.0047454
2021-10-26,4574.79,0.00181978,2.3802e-06,0.0018174
2021-10-27,4551.68,-0.0050516,2.3802e-06,-0.00505398
2021-10-28,4596.42,0.00982934,2.3802e-06,0.00982696
2021-10-29,4605.38,0.00194934,2.3802e-06,0.00194696
2021-11-01,4613.67,0.00180007,1.9836e-06,0.00179808
2021-11-02,4630.65,0.00368037,1.9836e-06,0.00367838
2021-11-03,4660.57,0.0064613,1.9836e-06,0.00645931
2021-11-04,4680.06,0.00418189,1.9836e-06,0.00417991
2021-11-05,4697.53,0.00373286,1.9836e-06,0.00373087
2021-11-08,4701.7,0.0008877,1.587e-06,0.00088611
2021-11-09,4685.25,-0.00349873,1.587e-06,-0.00350032
2021-11-10,4646.71,-0.00822582,2.3802e-06,-0.0082282
2021-11-11,4649.27,0.00055093,,
2021-11-12,4682.85,0.00722264,1.9836e-06,0.00722066
2021-11-15,4682.8,-1.068e-05,2.3802e-06,-1.306e-05
2021-11-16,4700.9,0.00386521,2.3802e-06,0.00386283
2021-11-17,4688.67,-0.00260163,2.3802e-06,-0.00260401
2021-11-18,4704.54,0.00338476,4.7591e-06,0.00338
2021-11-19,4697.96,-0.00139865,4.3627e-06,-0.00140301
2021-11-22,4682.94,-0.00319713,2.7768e-06,-0.00319991
2021-11-23,4690.7,0.00165708,2.3802e-06,0.0016547
2021-11-24,4701.46,0.0022939,5.5517e-06,0.00228835
2021-11-26,4594.62,-0.02272486,4.3627e-06,-0.02272922
2021-11-29,4655.27,0.01320022,2.7768e-06,0.01319744
2021-11-30,4567.0,-0.01896131,4.3627e-06,-0.01896567
2021-12-01,4513.04,-0.0118152,3.5698e-06,-0.01181877
2021-12-02,4577.1,0.01419442,1.9836e-06,0.01419244
2021-12-03,4538.43,-0.00844858,1.587e-06,-0.00845017
2021-12-06,4591.67,0.01173093,1.9836e-06,0.01172895
2021-12-07,4686.75,0.02070706,1.9836e-06,0.02070508
2021-12-08,4701.21,0.00308529,1.587e-06,0.00308371
2021-12-09,4667.45,-0.00718113,1.1903e-06,-0.00718232
2021-12-10,4712.02,0.00954911,1.1903e-06,0.00954792
2021-12-13,4668.97,-0.00913621,3.968e-07,-0.00913661
2021-12-14,4634.09,-0.0074706,7.936e-07,-0.00747139
2021-12-15,4709.85,0.01634841,1.1903e-06,0.01634722
2021-12-16,4668.67,-0.00874338,1.587e-06,-0.00874497
2021-12-17,4620.64,-0.01028773,1.1903e-06,-0.01028892
2021-12-20,4568.02,-0.01138803,1.1903e-06,-0.01138922
2021-12-21,4649.23,0.01777794,1.1903e-06,0.01777675
2021-12-22,4696.56,0.01018018,1.1903e-06,0.01017899
2021-12-23,4725.79,0.0062237,1.587e-06,0.00622212
2021-12-27,4791.19,0.01383896,1.587e-06,0.01383737
2021-12-28,4786.35,-0.00101019,1.1903e-06,-0.00101138
2021-12-29,4793.06,0.0014019,3.968e-07,0.00140151
2021-12-30,4778.73,-0.00298974,2.3802e-06,-0.00299212
2021-12-31,4766.18,-0.00262622,2.3802e-06,-0.0026286
2022-01-03,4796.56,0.00637408,1.9836e-06,0.00637209
2022-01-04,4793.54,-0.00062962,2.3802e-06,-0.000632
2022-01-05,4700.58,-0.01939277,1.9836e-06,-0.01939475
2022-01-06,4696.05,-0.00096371,1.587e-06,-0.0009653
2022-01-07,4677.03,-0.00405021,1.9836e-06,-0.0040522
2022-01-10,4670.29,-0.00144109,1.9836e-06,-0.00144307
2022-01-11,4713.07,0.00916003,1.587e-06,0.00915844
2022-01-12,4726.35,0.0028177,1.587e-06,0.00281611
2022-01-13,4659.03,-0.01424355,1.9836e-06,-0.01424553
2022-01-14,4662.85,0.00081991,1.9836e-06,0.00081793
2022-01-18,4577.11,-0.0183879,1.9836e-06,-0.01838988
2022-01-19,4532.76,-0.00968952,1.9836e-06,-0.0096915
2022-01-20,4482.73,-0.01103743,1.9836e-06,-0.01103941
2022-01-21,4397.94,-0.01891481,1.9836e-06,-0.0189168
2022-01-24,4410.13,0.00277175,1.9836e-06,0.00276977
2022-01-25,4356.45,-0.01217198,1.9836e-06,-0.01217396
2022-01-26,4349.93,-0.00149663,2.3802e-06,-0.00149901
2022-01-27,4326.51,-0.00538399,1.587e-06,-0.00538558
2022-01-28,4431.85,0.02434757,1.587e-06,0.02434598
2022-01-31,4515.55,0.01888602,1.1903e-06,0.01888483
2022-02-01,4546.54,0.00686295,1.587e-06,0.00686136
2022-02-02,4589.38,0.00942255,1.587e-06,0.00942096
2022-02-03,4477.44,-0.02439109,1.1903e-06,-0.02439228
2022-02-04,4500.53,0.00515696,1.9836e-06,0.00515498
2022-02-07,4483.87,-0.00370179,1.1903e-06,-0.00370298
2022-02-08,4521.54,0.00840122,1.1903e-06,0.00840003
2022-02-09,4587.18,0.01451718,1.587e-06,0.01451559
2022-02-10,4504.08,-0.01811571,1.9836e-06,-0.01811769
2022-02-11,4418.64,-0.01896947,1.1903e-06,-0.01897066
2022-02-14,4401.67,-0.00384055,1.1903e-06,-0.00384174
2022-02-15,4471.07,0.01576674,7.936e-07,0.01576595
2022-02-16,4475.01,0.00088122,1.1903e-06,0.00088003
2022-02-17,4380.26,-0.02117314,2.3802e-06,-0.02117552
2022-02-18,4348.87,-0.00716624,1.1903e-06,-0.00716743
2022-02-22,4304.76,-0.01014286,1.1903e-06,-0.01014405
2022-02-23,4225.5,-0.01841218,7.936e-07,-0.01841297
2022-02-24,4288.7,0.01495681,1.9836e-06,0.01495483
2022-02-25,4384.65,0.02237275,1.1903e-06,0.02237156
2022-02-28,4373.94,-0.00244261,2.3802e-06,-0.00244499
2022-03-01,4306.26,-0.01547346,4.3627e-06,-0.01547783
2022-03-02,4386.54,0.01864263,5.1554e-06,0.01863747
2022-03-03,4363.49,-0.00525471,7.5326e-06,-0.00526224
2022-03-04,4328.87,-0.00793402,5.9479e-06,-0.00793996
2022-03-07,4201.09,-0.0295181,6.7403e-06,-0.02952484
2022-03-08,4170.7,-0.00723384,6.3442e-06,-0.00724018
2022-03-09,4277.88,0.02569832,7.1365e-06,0.02569119
2022-03-10,4259.52,-0.00429185,7.5326e-06,-0.00429938
2022-03-11,4204.31,-0.01296155,6.7403e-06,-0.01296829
2022-03-14,4173.11,-0.00742096,9.1165e-06,-0.00743007
2022-03-15,4262.45,0.02140849,8.7206e-06,0.02139977
2022-03-16,4357.86,0.02238384,9.5124e-06,0.02237433
2022-03-17,4411.67,0.0123478,7.9286e-06,0.01233988
2022-03-18,4463.12,0.01166225,7.5326e-06,0.01165472
2022-03-21,4461.18,-0.00043467,8.7206e-06,-0.00044339
2022-03-22,4511.61,0.01130418,7.9286e-06,0.01129626
2022-03-23,4456.24,-0.01227278,5.9479e-06,-0.01227873
2022-03-24,4520.16,0.01434393,6.3442e-06,0.01433759
2022-03-25,4543.06,0.00506619,6.7403e-06,0.00505945
2022-03-28,4575.52,0.00714496,7.5326e-06,0.00713743
2022-03-29,4631.6,0.01225653,7.1365e-06,0.01224939
2022-03-30,4602.45,-0.00629372,6.3442e-06,-0.00630007
2022-03-31,4530.41,-0.01565253,6.7403e-06,-0.01565927
2022-04-01,4545.86,0.00341029,5.9479e-06,0.00340434
2022-04-04,4582.64,0.00809088,7.1365e-06,0.00808374
2022-04-05,4525.12,-0.01255172,7.1365e-06,-0.01255885
2022-04-06,4481.15,-0.00971687,8.3246e-06,-0.00972519
2022-04-07,4500.21,0.00425337,8.3246e-06,0.00424505
2022-04-08,4488.28,-0.00265099,7.9286e-06,-0.00265892
2022-04-11,4412.53,-0.01687729,8.7206e-06,-0.01688601
2022-04-12,4397.45,-0.00341754,8.3246e-06,-0.00342587
2022-04-13,4446.59,0.01117466,1.03041e-05,0.01116435
2022-04-14,4392.59,-0.01214414,1.46556e-05,-0.01215879
2022-04-18,4391.69,-0.00020489,1.50509e-05,-0.00021994
2022-04-19,4462.21,0.0160576,1.46556e-05,0.01604294
2022-04-20,4459.45,-0.00061853,1.38647e-05,-0.00063239
2022-04-21,4393.66,-0.01475294,1.9792e-05,-0.01477273
2022-04-22,4271.78,-0.02773997,1.82123e-05,-0.02775818
2022-04-25,4296.12,0.00569786,1.58415e-05,0.00568202
2022-04-26,4175.2,-0.02814633,1.50509e-05,-0.02816138
2022-04-27,4183.96,0.0020981,1.46556e-05,0.00208345
2022-04-28,4287.5,0.02474689,1.46556e-05,0.02473223
2022-04-29,4131.93,-0.03628455,1.46556e-05,-0.0362992
2022-05-02,4155.38,0.00567531,1.62367e-05,0.00565908
2022-05-03,4175.48,0.0048371,1.90022e-05,0.0048181
2022-05-04,4300.17,0.02986243,1.93971e-05,0.02984304
2022-05-05,4146.87,-0.03564975,1.93971e-05,-0.03566915
2022-05-06,4123.34,-0.00567416,1.90022e-05,-0.00569316
2022-05-09,3991.24,-0.03203713,2.01869e-05,-0.03205732
2022-05-10,4001.05,0.00245788,2.25551e-05,0.00243533
2022-05-11,3935.18,-0.01646318,2.33442e-05,-0.01648652
2022-05-12,3930.08,-0.001296,2.41331e-05,-0.00132013
2022-05-13,4023.89,0.02386974,2.6499e-05,0.02384324
2022-05-16,4008.01,-0.00394643,2.53162e-05,-0.00397175
2022-05-17,4088.85,0.02016961,2.41331e-05,0.02014548
2022-05-18,3923.68,-0.04039522,2.21605e-05,-0.04041738
2022-05-19,3900.79,-0.00583381,2.57105e-05,-0.00585952
2022-05-20,3901.36,0.00014612,2.49219e-05,0.0001212
2022-05-23,3973.75,0.01855507,2.17658e-05,0.0185333
2022-05-24,3941.48,-0.00812079,2.17658e-05,-0.00814256
2022-05-25,3978.73,0.00945076,2.29496e-05,0.00942782
2022-05-26,4057.84,0.01988323,2.80754e-05,0.01985515
2022-05-27,4158.24,0.02474223,2.72873e-05,0.02471494
2022-05-31,4132.15,-0.00627429,2.88634e-05,-0.00630315
2022-06-01,4101.23,-0.00748279,3.0439e-05,-0.00751323
2022-06-02,4176.82,0.01843106,3.35882e-05,0.01839747
2022-06-03,4108.54,-0.01634736,3.43751e-05,-0.01638174
2022-06-06,4121.43,0.00313737,3.47685e-05,0.0031026
2022-06-07,4160.68,0.00952339,3.43751e-05,0.00948902
2022-06-08,4115.77,-0.01079391,3.51618e-05,-0.01082907
2022-06-09,4017.82,-0.02379871,4.14503e-05,-0.02384016
2022-06-10,3900.86,-0.02911031,4.34134e-05,-0.02915373
2022-06-13,3749.63,-0.03876837,4.45908e-05,-0.03881296
2022-06-14,3735.48,-0.00377371,4.69446e-05,-0.00382065
2022-06-15,3789.99,0.0145925,4.77288e-05,0.01454477
2022-06-16,3666.77,-0.03251196,4.69446e-05,-0.0325589
2022-06-17,3674.84,0.00220085,4.53755e-05,0.00215547
2022-06-21,3764.79,0.02447726,4.26283e-05,0.02443463
2022-06-22,3759.89,-0.00130153,3.87003e-05,-0.00134023
2022-06-23,3795.73,0.00953219,4.41984e-05,0.009488
2022-06-24,3911.74,0.03056329,4.69446e-05,0.03051635
2022-06-27,3900.11,-0.0029731,4.57679e-05,-0.00301887
2022-06-28,3821.55,-0.02014302,4.41984e-05,-0.02018722
2022-06-29,3818.83,-0.00071175,4.41984e-05,-0.00075595
2022-06-30,3785.38,-0.00875923,5.04726e-05,-0.0088097
2022-07-01,3825.33,0.01055376,5.00807e-05,0.01050368
2022-07-05,3831.39,0.00158418,5.24313e-05,0.00153175
2022-07-06,3845.08,0.00357312,5.3606e-05,0.00351951
2022-07-07,3902.62,0.01496458,6.1038e-05,0.01490354
2022-07-08,3899.38,-0.00083021,6.18195e-05,-0.00089203
2022-07-11,3854.43,-0.01152747,6.22102e-05,-0.01158968
2022-07-12,3818.8,-0.00924391,6.41631e-05,-0.00930807
2022-07-13,3801.78,-0.0044569,7.00161e-05,-0.00452691
2022-07-14,3790.38,-0.0029986,7.81958e-05,-0.00307679
2022-07-15,3863.16,0.01920124,7.78067e-05,0.01912343
2022-07-18,3830.85,-0.00836362,7.70283e-05,-0.00844065
2022-07-19,3936.69,0.02762833,7.58605e-05,0.02755247
2022-07-20,3959.9,0.00589582,7.54711e-05,0.00582034
2022-07-21,3998.95,0.00986136,8.44168e-05,0.00977694
2022-07-22,3961.63,-0.00933245,8.44168e-05,-0.00941687
2022-07-25,3966.84,0.00131512,8.40283e-05,0.00123109
2022-07-26,3921.05,-0.01154319,8.51937e-05,-0.01162839
2022-07-27,4023.61,0.02615626,8.40283e-05,0.02607223
2022-07-28,4072.43,0.01213338,8.63589e-05,0.01204702
2022-07-29,4130.29,0.01420773,8.71354e-05,0.0141206
2022-08-01,4118.63,-0.00282305,8.71354e-05,-0.00291018
2022-08-02,4091.19,-0.00666241,8.71354e-05,-0.00674955
2022-08-03,4155.17,0.01563848,8.63589e-05,0.01555212
2022-08-04,4151.94,-0.00077734,8.59705e-05,-0.00086332
2022-08-05,4145.19,-0.00162575,8.67472e-05,-0.00171249
2022-08-08,4140.06,-0.00123758,8.75236e-05,-0.0013251
2022-08-09,4122.47,-0.00424873,8.75236e-05,-0.00433625
2022-08-10,4210.24,0.02129063,8.79118e-05,0.02120272
2022-08-11,4207.27,-0.00070542,8.79118e-05,-0.00079333
2022-08-12,4280.15,0.0173224,8.75236e-05,0.01723487
2022-08-15,4297.14,0.00396949,8.90761e-05,0.00388041
2022-08-16,4305.2,0.00187567,8.86881e-05,0.00178698
2022-08-17,4274.04,-0.00723776,8.71354e-05,-0.00732489
2022-08-18,4283.74,0.00226952,8.75236e-05,0.00218199
2022-08-19,4228.48,-0.01289994,8.75236e-05,-0.01298747
2022-08-22,4137.99,-0.02140012,8.90761e-05,-0.0214892
2022-08-23,4128.73,-0.0022378,8.94642e-05,-0.00232727
2022-08-24,4140.77,0.00291615,8.98522e-05,0.0028263
2022-08-25,4199.12,0.01409158,9.48927e-05,0.01399669
2022-08-26,4057.66,-0.03368801,9.373e-05,-0.03378174
2022-08-29,4030.61,-0.0066664,9.6055e-05,-0.00676246
2022-08-30,3986.16,-0.01102811,9.52801e-05,-0.01112339
2022-08-31,3955.0,-0.00781705,9.41176e-05,-0.00791116
2022-09-01,3966.85,0.00299621,9.91527e-05,0.00289705
2022-09-02,3924.26,-0.01073648,9.76042e-05,-0.01083408
2022-09-06,3908.19,-0.00409504,9.56676e-05,-0.00419071
2022-09-07,3979.87,0.01834097,9.02401e-05,0.01825073
2022-09-08,4006.18,0.00661077,0.0001007007,0.00651007
2022-09-09,4067.36,0.01527141,0.0001007007,0.0151707
2022-09-12,4110.41,0.01058426,0.0001026349,0.01048163
2022-09-13,3932.69,-0.04323656,9.99268e-05,-0.04333649
2022-09-14,3946.01,0.00338699,9.95398e-05,0.00328745
2022-09-15,3901.35,-0.01131776,0.0001080455,-0.01142581
2022-09-16,3873.33,-0.00718213,0.0001049546,-0.00728708
2022-09-19,3899.89,0.00685715,0.0001026349,0.00675451
2022-09-20,3855.93,-0.01127211,0.0001007007,-0.01137281
2022-09-21,3789.93,-0.01711649,0.0001014745,-0.01721797
2022-09-22,3757.99,-0.0084276,0.0001068867,-0.00853448
2022-09-23,3693.23,-0.01723262,0.0001045681,-0.01733718
2022-09-26,3655.04,-0.01034054,0.0001068867,-0.01044743
2022-09-27,3647.29,-0.00212036,0.000106114,-0.00222647
2022-09-28,3719.04,0.01967214,0.0001030216,0.01956912
2022-09-29,3640.47,-0.02112642,0.0001088178,-0.02123524
2022-09-30,3585.62,-0.01506674,0.0001092039,-0.01517594
2022-10-03,3678.43,0.02588395,0.0001122915,0.02577166
2022-10-04,3790.93,0.0305837,0.0001138344,0.03046987
2022-10-05,3783.28,-0.00201797,0.000113063,-0.00213104
2022-10-06,3744.52,-0.01024508,0.0001192298,-0.01036431
2022-10-07,3639.66,-0.02800359,0.0001184595,-0.02812205
2022-10-10,3612.39,-0.00749246,,
2022-10-11,3588.84,-0.00651923,0.00012,-0.00663923
2022-10-12,3577.03,-0.00329076,0.00012,-0.00341076
2022-10-13,3669.91,0.02596568,0.0001307669,0.02583491
2022-10-14,3583.07,-0.02366271,0.0001288464,-0.02379155
2022-10-17,3677.95,0.02648009,0.0001288464,0.02635124
2022-10-18,3719.98,0.01142756,0.0001269249,0.01130064
2022-10-19,3695.16,-0.00667208,0.0001292305,-0.00680131
2022-10-20,3665.78,-0.00795094,0.0001395894,-0.00809053
2022-10-21,3752.75,0.02372483,0.0001384397,0.02358639
2022-10-24,3797.34,0.01188195,0.0001392062,0.01174275
2022-10-25,3859.11,0.01626665,0.000138823,0.01612783
2022-10-26,3830.6,-0.00738771,0.0001380565,-0.00752577
2022-10-27,3807.3,-0.0060826,0.0001464804,-0.00622908
2022-10-28,3901.06,0.02462638,0.0001460979,0.02448028
2022-10-31,3871.98,-0.00745438,0.0001453327,-0.00759972
2022-11-01,3856.1,-0.00410126,0.0001449501,-0.00424621
2022-11-02,3759.69,-0.02500194,0.0001441847,-0.02514613
2022-11-03,3719.89,-0.01058598,0.0001460979,-0.01073208
2022-11-04,3770.55,0.01361868,0.0001453327,0.01347335
2022-11-07,3806.8,0.00961398,0.0001472453,0.00946674
2022-11-08,3828.11,0.00559788,0.0001426535,0.00545522
2022-11-09,3748.57,-0.02077788,0.0001422706,-0.02092015
2022-11-10,3956.37,0.05543447,0.0001445674,0.0552899
2022-11-11,3992.93,0.00924079,,
2022-11-14,3957.25,-0.00893579,0.0001449501,-0.00908074
2022-11-15,3991.73,0.00871312,0.0001468629,0.00856626
2022-11-16,3958.79,-0.00825206,0.0001483924,-0.00840045
2022-11-17,3946.56,-0.00308933,0.0001529776,-0.00324231
2022-11-18,3965.34,0.00475857,0.0001529776,0.0046056
2022-11-21,3949.94,-0.00388365,0.0001545048,-0.00403816
2022-11-22,4003.58,0.01357995,0.0001545048,0.01342545
2022-11-23,4027.26,0.00591471,0.0001602267,0.00575448
2022-11-25,4026.12,-0.00028307,0.0001617511,-0.00044482
2022-11-28,3963.94,-0.01544415,0.0001598455,-0.015604
2022-11-29,3957.63,-0.00159185,0.0001587017,-0.00175055
2022-11-30,4080.11,0.03094781,0.0001583203,0.03078949
2022-12-01,4076.57,-0.00086762,0.0001571761,-0.0010248
2022-12-02,4071.7,-0.00119463,0.0001522138,-0.00134685
2022-12-05,3998.84,-0.01789425,0.0001529776,-0.01804722
2022-12-06,3941.26,-0.01439918,0.0001506857,-0.01454986
2022-12-07,3933.92,-0.00186235,0.0001476277,-0.00200998
2022-12-08,3963.51,0.00752176,0.0001460979,0.00737566
2022-12-09,3934.38,-0.00734955,0.0001483924,-0.00749794
2022-12-12,3990.56,0.01427925,0.0001503036,0.01412895
2022-12-13,4019.65,0.0072897,0.0001514498,0.00713825
2022-12-14,3995.32,-0.00605277,0.0001522138,-0.00620498
2022-12-15,3895.75,-0.02492166,0.0001537413,-0.0250754
2022-12-16,3852.36,-0.01113778,0.0001533595,-0.01129114
2022-12-19,3817.66,-0.00900747,0.0001537413,-0.00916121
2022-12-20,3821.62,0.00103728,0.0001514498,0.00088583
2022-12-21,3878.44,0.01486804,0.0001518318,0.01471621
2022-12-22,3822.39,-0.01445169,0.0001480101,-0.0145997
2022-12-23,3844.82,0.00586806,0.0001480101,0.00572005
2022-12-27,3829.25,-0.0040496,0.0001506857,-0.00420029
2022-12-28,3783.22,-0.01202063,0.0001503036,-0.01217093
2022-12-29,3849.28,0.01746132,0.0001571761,0.01730414
2022-12-30,3839.5,-0.00254073,0.0001602267,-0.00270096
2023-01-03,3824.14,-0.00400052,0.0001621322,-0.00416265
2023-01-04,3852.97,0.00753895,0.000163275,0.00737567
2023-01-05,3808.1,-0.01164556,0.0001670821,-0.01181264
2023-01-06,3895.08,0.02284079,0.0001678431,0.02267294
2023-01-09,3892.09,-0.00076764,0.0001697449,-0.00093738
2023-01-10,3919.25,0.00697826,0.0001712657,0.00680699
2023-01-11,3969.61,0.0128494,0.0001716458,0.01267775
2023-01-12,3983.17,0.00341595,0.0001773432,0.00323861
2023-01-13,3999.09,0.00399682,0.0001777227,0.00381909
2023-01-17,3990.97,-0.00203046,0.0001784817,-0.00220894
2023-01-18,3928.86,-0.01556263,0.0001781022,-0.01574073
2023-01-19,3898.85,-0.00763835,0.0001818952,-0.00782024
2023-01-20,3972.61,0.0189184,0.0001818952,0.0187365
2023-01-23,4019.81,0.01188136,0.0001818952,0.01169946
2023-01-24,4016.95,-0.00071148,0.0001822743,-0.00089375
2023-01-25,4016.22,-0.00018173,0.0001811369,-0.00036287
2023-01-26,4060.43,0.01100786,0.0001788611,0.010829
2023-01-27,4070.56,0.00249481,0.0001788611,0.00231595
2023-01-30,4017.77,-0.01296873,0.0001784817,-0.01314721
2023-01-31,4076.6,0.01464245,0.0001777227,0.01446473
2023-02-01,4119.21,0.01045234,0.0001781022,0.01027424
2023-02-02,4179.76,0.01469942,0.0001792405,0.01452018
2023-02-03,4136.48,-0.01035466,0.0001788611,-0.01053352
2023-02-06,4111.08,-0.00614049,0.0001788611,-0.00631935
2023-02-07,4164.0,0.01287253,0.0001792405,0.01269329
2023-02-08,4117.86,-0.01108069,0.0001799991,-0.01126069
2023-02-09,4081.5,-0.00882983,0.0001807577,-0.00901059
2023-02-10,4090.46,0.00219527,0.0001807577,0.00201451
2023-02-13,4137.29,0.01144859,0.0001807577,0.01126783
2023-02-14,4136.13,-0.00028038,0.0001796198,-0.00046
2023-02-15,4147.6,0.00277312,0.0001799991,0.00259312
2023-02-16,4090.41,-0.0137887,0.0001807577,-0.01396945
2023-02-17,4079.09,-0.00276745,0.0001799991,-0.00294745
2023-02-21,3997.34,-0.02004123,0.0001796198,-0.02022085
2023-02-22,3991.05,-0.00157355,0.0001792405,-0.00175279
2023-02-23,4012.32,0.00532942,0.0001807577,0.00514867
2023-02-24,3970.04,-0.01053754,0.000181516,-0.01071906
2023-02-27,3982.24,0.00307302,0.0001811369,0.00289188
2023-02-28,3970.15,-0.00303598,0.0001803784,-0.00321636
2023-03-01,3951.39,-0.00472526,0.0001811369,-0.0049064
2023-03-02,3981.35,0.00758214,0.0001841692,0.00739797
2023-03-03,4045.64,0.01614779,0.0001841692,0.01596362
2023-03-06,4048.42,0.00068716,0.0001841692,0.00050299
2023-03-07,3986.37,-0.01532697,0.0001860633,-0.01551303
2023-03-08,3992.01,0.00141482,0.000184927,0.00122989
2023-03-09,3918.32,-0.01845937,0.0001871993,-0.01864657
2023-03-10,3861.59,-0.01447814,0.000186442,-0.01466459
2023-03-13,3855.76,-0.00150974,0.0001792405,-0.00168898
2023-03-14,3919.29,0.01647665,0.0001735459,0.0163031
2023-03-15,3891.93,-0.00698086,0.0001644175,-0.00714527
2023-03-16,3960.28,0.01756198,0.0001640367,0.01739794
2023-03-17,3916.64,-0.01101942,0.0001674626,-0.01118689
2023-03-20,3951.57,0.00891836,0.0001686039,0.00874975
2023-03-21,4002.87,0.01298218,0.0001583203,0.01282386
2023-03-22,3936.97,-0.01646319,0.0001617511,-0.01662494
2023-03-23,3948.72,0.00298453,0.0001655597,0.00281897
2023-03-24,3970.99,0.0056398,0.000166321,0.00547348
2023-03-27,3977.53,0.00164694,0.0001640367,0.00148291
2023-03-28,3971.27,-0.00157384,0.0001647983,-0.00173864
2023-03-29,4027.81,0.01423726,0.0001686039,0.01406866
2023-03-30,4050.83,0.00571526,0.0001837903,0.00553147
2023-03-31,4109.31,0.01443655,0.0001837903,0.01425276
2023-04-03,4124.51,0.00369892,0.0001822743,0.00351664
2023-04-04,4100.6,-0.00579705,0.0001807577,-0.00597781
2023-04-05,4090.38,-0.00249232,0.0001792405,-0.00267156
2023-04-06,4105.02,0.00357913,0.0001773432,0.00340179
2023-04-10,4109.11,0.00099634,0.0001758247,0.00082052
2023-04-11,4108.94,-4.137e-05,0.0001659404,-0.00020731
2023-04-12,4091.95,-0.00413489,0.0001659404,-0.00430083
2023-04-13,4146.22,0.01326263,0.0001587017,0.01310392
2023-04-14,4137.64,-0.00206935,0.0001667016,-0.00223606
2023-04-17,4151.32,0.00330623,0.000159083,0.00314715
2023-04-18,4154.87,0.00085515,0.0001514498,0.0007037
2023-04-19,4154.52,-8.424e-05,0.0001537413,-0.00023798
2023-04-20,4129.79,-0.00595255,0.0001326865,-0.00608524
2023-04-21,4133.52,0.00090319,0.0001311509,0.00077204
2023-04-24,4137.04,0.00085157,0.0001380565,0.00071352
2023-04-25,4071.63,-0.01581082,0.0001598455,-0.01597067
2023-04-26,4055.99,-0.00384121,0.0001522138,-0.00399343
2023-04-27,4135.35,0.01956612,0.0001659404,0.01940018
2023-04-28,4169.48,0.00825323,0.0001689843,0.00808425
2023-05-01,4167.87,-0.00038614,0.0001743056,-0.00056044
2023-05-02,4119.58,-0.01158625,0.0001769636,-0.01176322
2023-05-03,4090.75,-0.00699829,0.0001822743,-0.00718056
2023-05-04,4061.22,-0.00721873,0.0002222556,-0.00744098
2023-05-05,4136.25,0.01847474,0.0002158705,0.01825887
2023-05-08,4138.12,0.0004521,0.0002128621,0.00023924
2023-05-09,4119.17,-0.00457937,0.0002147426,-0.00479412
2023-05-10,4137.64,0.00448391,0.0002124859,0.00427143
2023-05-11,4130.62,-0.00169662,0.0002241316,-0.00192075
2023-05-12,4124.08,-0.0015833,0.0002233813,-0.00180668
2023-05-15,4136.28,0.00295824,0.0002177495,0.00274049
2023-05-16,4109.9,-0.00637771,0.0002154945,-0.00659321
2023-05-17,4158.77,0.0118908,0.0002124859,0.01167831
2023-05-18,4198.05,0.0094451,0.0002158705,0.00922923
2023-05-19,4191.98,-0.00144591,0.000216998,-0.00166291
2023-05-22,4192.63,0.00015506,0.0002196277,-6.457e-05
2023-05-23,4145.58,-0.01122207,0.0002188765,-0.01144095
2023-05-24,4115.24,-0.00731864,0.0002211296,-0.00753977
2023-05-25,4151.28,0.00875769,0.0002293799,0.00852831
2023-05-26,4205.45,0.01304899,0.0002320014,0.01281699
2023-05-30,4205.52,1.665e-05,0.0002053314,-0.00018869
2023-05-31,4179.83,-0.00610864,0.0002042005,-0.00631284
2023-06-01,4221.02,0.00985447,0.0002049545,0.00964951
2023-06-02,4282.37,0.0145344,0.0002042005,0.0143302
2023-06-05,4273.79,-0.00200356,0.0002030694,-0.00220663
2023-06-06,4283.85,0.00235388,0.0001992965,0.00215459
2023-06-07,4267.52,-0.00381199,0.0001962756,-0.00400827
2023-06-08,4293.93,0.00618861,0.0002030694,0.00598554
2023-06-09,4298.86,0.00114813,0.0002030694,0.00094506
2023-06-12,4338.93,0.00932108,0.0002026922,0.00911838
2023-06-13,4369.01,0.00693258,0.0002008061,0.00673178
2023-06-14,4372.59,0.00081941,0.0002004287,0.00061898
2023-06-15,4425.84,0.01217814,0.0002004287,0.01197771
2023-06-16,4409.59,-0.00367162,0.0002004287,-0.00387205
2023-06-20,4388.71,-0.00473513,0.0002000514,-0.00493519
2023-06-21,4365.69,-0.00524528,0.000199674,-0.00544495
2023-06-22,4381.89,0.00371075,0.0002004287,0.00351032
2023-06-23,4348.33,-0.0076588,0.0002000514,-0.00785885
2023-06-26,4328.82,-0.00448678,0.0002000514,-0.00468683
2023-06-27,4378.41,0.01145578,0.0002000514,0.01125573
2023-06-28,4376.86,-0.00035401,0.0002000514,-0.00055406
2023-06-29,4396.44,0.00447353,0.0002030694,0.00427046
2023-06-30,4450.38,0.01226902,0.0002026922,0.01206633
2023-07-03,4455.59,0.00117069,0.0002038235,0.00096686
2023-07-05,4446.82,-0.00196831,0.0002042005,-0.00217251
2023-07-06,4411.59,-0.00792252,0.0002057083,-0.00812822
2023-07-07,4398.95,-0.00286518,0.0002057083,-0.00307089
2023-07-10,4409.53,0.00240512,0.0002064619,0.00219866
2023-07-11,4439.26,0.00674222,0.0002068387,0.00653538
2023-07-12,4472.16,0.00741115,0.0002072154,0.00720393
2023-07-13,4510.04,0.00847018,0.0002075921,0.00826259
2023-07-14,4505.42,-0.00102438,0.0002075921,-0.00123197
2023-07-17,4522.79,0.00385536,0.0002075921,0.00364776
2023-07-18,4554.98,0.00711729,0.0002075921,0.0069097
2023-07-19,4565.72,0.00235786,0.0002075921,0.00215027
2023-07-20,4534.87,-0.00675688,0.000210228,-0.0069671
2023-07-21,4536.34,0.00032415,0.0002098515,0.0001143
2023-07-24,4554.64,0.00403409,0.000210228,0.00382386
2023-07-25,4567.46,0.00281471,0.0002109808,0.00260373
2023-07-26,4566.75,-0.00015545,0.0002109808,-0.00036643
2023-07-27,4537.41,-0.0064247,0.0002113571,-0.00663606
2023-07-28,4582.23,0.00987788,0.0002113571,0.00966652
2023-07-31,4588.96,0.00146872,0.0002117334,0.00125698
2023-08-01,4576.73,-0.00266509,0.0002121097,-0.0028772
2023-08-02,4513.39,-0.01383958,0.0002117334,-0.01405131
2023-08-03,4501.89,-0.00254797,0.0002139905,-0.00276196
2023-08-04,4478.03,-0.0053,0.0002139905,-0.00551399
2023-08-07,4518.44,0.00902406,0.0002139905,0.00881007
2023-08-08,4499.38,-0.00421827,0.0002139905,-0.00443226
2023-08-09,4467.71,-0.00703875,0.0002128621,-0.00725161
2023-08-10,4468.83,0.00025069,0.0002143666,3.632e-05
2023-08-11,4464.05,-0.00106963,0.0002139905,-0.00128362
2023-08-14,4489.72,0.00575038,0.0002143666,0.00553602
2023-08-15,4437.86,-0.01155083,0.0002136144,-0.01176445
2023-08-16,4404.33,-0.00755544,0.0002132383,-0.00776868
2023-08-17,4370.36,-0.00771286,0.0002143666,-0.00792723
2023-08-18,4369.71,-0.00014873,0.0002136144,-0.00036234
2023-08-21,4399.77,0.00687918,0.0002143666,0.00666481
2023-08-22,4387.55,-0.00277742,0.0002139905,-0.00299141
2023-08-23,4436.01,0.01104489,0.0002139905,0.0108309
2023-08-24,4376.31,-0.01345804,0.0002143666,-0.01367241
2023-08-25,4405.71,0.00671799,0.0002147426,0.00650325
2023-08-28,4433.31,0.0062646,0.0002147426,0.00604985
2023-08-29,4497.63,0.01450835,0.0002139905,0.01429436
2023-08-30,4514.87,0.00383313,0.0002143666,0.00361876
2023-08-31,4507.66,-0.00159695,0.0002132383,-0.00181018
2023-09-01,4515.77,0.00179916,0.0002128621,0.0015863
2023-09-05,4496.83,-0.00419419,0.0002128621,-0.00440705
2023-09-06,4465.48,-0.00697158,0.0002132383,-0.00718482
2023-09-07,4451.14,-0.0032113,0.0002132383,-0.00342454
2023-09-08,4457.49,0.0014266,0.0002132383,0.00121336
2023-09-11,4487.46,0.00672351,0.0002132383,0.00651028
2023-09-12,4461.9,-0.00569587,0.0002132383,-0.00590911
2023-09-13,4467.44,0.00124162,0.0002136144,0.00102801
2023-09-14,4505.1,0.00842988,0.0002132383,0.00821665
2023-09-15,4450.32,-0.01215955,0.0002128621,-0.01237241
2023-09-18,4453.53,0.0007213,0.0002136144,0.00050768
2023-09-19,4443.95,-0.0021511,0.0002136144,-0.00236472
2023-09-20,4402.2,-0.0093948,0.0002136144,-0.00960841
2023-09-21,4330.0,-0.01640089,0.0002132383,-0.01661413
2023-09-22,4320.06,-0.00229561,0.0002132383,-0.00250885
2023-09-25,4337.44,0.00402309,0.0002139905,0.0038091
2023-09-26,4273.53,-0.0147345,0.0002139905,-0.01494849
2023-09-27,4274.51,0.00022932,0.0002139905,1.533e-05
2023-09-28,4299.7,0.00589307,0.0002147426,0.00567833
2023-09-29,4288.05,-0.00270949,0.0002143666,-0.00292386
2023-10-02,4288.39,7.929e-05,0.0002147426,-0.00013545
2023-10-03,4229.45,-0.01374409,0.0002143666,-0.01395845
2023-10-04,4263.75,0.0081098,0.0002147426,0.00789506
2023-10-05,4258.19,-0.00130402,0.0002151186,-0.00151914
2023-10-06,4308.5,0.01181488,0.0002158705,0.01159901
2023-10-09,4335.66,0.00630382,,
2023-10-10,4358.24,0.00520797,0.0002162463,0.00499173
2023-10-11,4376.95,0.00429302,0.0002154945,0.00407752
2023-10-12,4349.61,-0.00624636,0.0002166222,-0.00646298
2023-10-13,4327.78,-0.00501884,0.0002162463,-0.00523509
2023-10-16,4373.63,0.01059435,0.0002151186,0.01037923
2023-10-17,4373.2,-9.832e-05,0.0002154945,-0.00031381
2023-10-18,4314.6,-0.0133998,0.0002151186,-0.01361492
2023-10-19,4278.0,-0.00848283,0.0002154945,-0.00869832
2023-10-20,4224.16,-0.01258532,0.0002147426,-0.01280006
2023-10-23,4217.04,-0.00168554,0.0002151186,-0.00190066
2023-10-24,4247.68,0.00726576,0.0002151186,0.00705064
2023-10-25,4186.77,-0.01433959,0.0002147426,-0.01455434
2023-10-26,4137.23,-0.01183251,0.0002151186,-0.01204763
2023-10-27,4117.37,-0.00480031,0.0002151186,-0.00501543
2023-10-30,4166.82,0.01201009,0.0002147426,0.01179535
2023-10-31,4193.8,0.00647496,0.0002147426,0.00626022
2023-11-01,4237.86,0.01050599,0.0002147426,0.01029124
2023-11-02,4317.78,0.01885857,0.0002132383,0.01864534
2023-11-03,4358.34,0.00939372,0.0002136144,0.0091801
2023-11-06,4365.98,0.00175296,0.0002136144,0.00153935
2023-11-07,4378.38,0.00284014,0.0002136144,0.00262653
2023-11-08,4382.78,0.00100494,0.0002132383,0.0007917
2023-11-09,4347.35,-0.00808391,0.0002136144,-0.00829752
2023-11-10,4415.24,0.01561641,0.0002136144,0.0154028
2023-11-13,4411.55,-0.00083574,0.0002136144,-0.00104936
2023-11-14,4495.7,0.01907493,0.0002132383,0.01886169
2023-11-15,4502.88,0.00159708,0.0002132383,0.00138384
2023-11-16,4508.24,0.00119035,0.0002136144,0.00097673
2023-11-17,4514.02,0.0012821,0.0002132383,0.00106886
2023-11-20,4547.38,0.00739031,0.0002136144,0.00717669
2023-11-21,4538.19,-0.00202094,0.0002132383,-0.00223418
2023-11-22,4556.62,0.00406109,0.0002139905,0.0038471
2023-11-24,4559.34,0.00059693,0.0002143666,0.00038257
2023-11-27,4550.43,-0.00195423,0.0002139905,-0.00216822
2023-11-28,4554.89,0.00098013,0.0002136144,0.00076651
2023-11-29,4550.58,-0.00094624,0.0002136144,-0.00115985
2023-11-30,4567.8,0.00378413,0.0002147426,0.00356939
2023-12-01,4594.63,0.00587372,0.0002143666,0.00565936
2023-12-04,4569.78,-0.00540849,0.0002143666,-0.00562285
2023-12-05,4567.18,-0.00056896,0.0002139905,-0.00078295
2023-12-06,4549.34,-0.00390613,0.0002139905,-0.00412012
2023-12-07,4585.59,0.00796819,0.0002136144,0.00775457
2023-12-08,4604.37,0.00409544,0.0002139905,0.00388145
2023-12-11,4622.44,0.00392453,0.0002143666,0.00371017
2023-12-12,4643.7,0.0045993,0.0002136144,0.00438569
2023-12-13,4707.09,0.01365075,0.0002132383,0.01343751
2023-12-14,4719.55,0.00264707,0.0002139905,0.00243308
2023-12-15,4719.19,-7.628e-05,0.0002139905,-0.00029027
2023-12-18,4740.56,0.00452832,0.0002132383,0.00431508
2023-12-19,4768.37,0.0058664,0.0002128621,0.00565353
2023-12-20,4698.35,-0.01468426,0.0002124859,-0.01489675
2023-12-21,4746.75,0.01030149,0.0002139905,0.0100875
2023-12-22,4754.63,0.00166008,0.0002139905,0.00144609
2023-12-26,4774.75,0.00423166,0.0002136144,0.00401805
2023-12-27,4781.58,0.00143044,0.0002143666,0.00121607
2023-12-28,4783.35,0.00037017,0.0002151186,0.00015505
2023-12-29,4769.83,-0.00282647,0.0002162463,-0.00304272
2024-01-02,4742.83,-0.00566058,0.0002143666,-0.00587495
2024-01-03,4704.81,-0.00801631,0.0002139905,-0.0082303
2024-01-04,4688.68,-0.00342841,0.0002147426,-0.00364315
2024-01-05,4697.24,0.00182567,0.0002139905,0.00161168
2024-01-08,4763.54,0.01411467,0.0002139905,0.01390068
2024-01-09,4756.5,-0.00147789,0.0002136144,-0.00169151
2024-01-10,4783.45,0.00566593,0.0002136144,0.00545232
2024-01-11,4780.24,-0.00067106,0.0002139905,-0.00088505
2024-01-12,4783.83,0.00075101,0.0002143666,0.00053664
2024-01-16,4765.98,-0.00373132,0.0002139905,-0.00394531
2024-01-17,4739.21,-0.00561689,0.0002139905,-0.00583088
2024-01-18,4780.94,0.00880527,0.0002136144,0.00859165
2024-01-19,4839.81,0.01231348,0.0002139905,0.01209949
2024-01-22,4850.43,0.0021943,0.0002136144,0.00198069
2024-01-23,4864.6,0.00292139,0.0002136144,0.00270778
2024-01-24,4868.55,0.00081199,0.0002132383,0.00059875
2024-01-25,4894.16,0.00526029,0.0002139905,0.0050463
2024-01-26,4890.97,-0.0006518,0.0002139905,-0.00086579
2024-01-29,4927.93,0.00755678,0.0002136144,0.00734317
2024-01-30,4924.97,-0.00060066,0.0002136144,-0.00081427
2024-01-31,4845.65,-0.01610568,0.0002136144,-0.0163193
2024-02-01,4906.19,0.01249368,0.0002121097,0.01228157
2024-02-02,4958.61,0.01068446,0.0002121097,0.01047235
2024-02-05,4942.81,-0.00318638,0.0002121097,-0.00339849
2024-02-06,4954.23,0.00231043,0.0002117334,0.00209869
2024-02-07,4995.06,0.00824144,0.0002113571,0.00803009
2024-02-08,4997.91,0.00057056,0.0002121097,0.00035845
2024-02-09,5026.61,0.0057424,0.0002121097,0.00553029
2024-02-12,5021.84,-0.00094895,0.0002121097,-0.00116106
2024-02-13,4953.17,-0.01367427,0.0002117334,-0.013886
2024-02-14,5000.62,0.00957972,0.0002117334,0.00936799
2024-02-15,5029.73,0.00582128,0.0002121097,0.00560917
2024-02-16,5005.57,-0.00480344,0.0002117334,-0.00501517
2024-02-20,4975.51,-0.00600531,0.0002121097,-0.00621742
2024-02-21,4981.8,0.00126419,0.0002124859,0.00105171
2024-02-22,5087.03,0.02112289,0.0002121097,0.02091078
2024-02-23,5088.8,0.00034794,0.0002121097,0.00013583
2024-02-26,5069.53,-0.00378675,0.0002124859,-0.00399923
2024-02-27,5078.18,0.00170627,0.0002124859,0.00149379
2024-02-28,5069.76,-0.00165807,0.0002124859,-0.00187056
2024-02-29,5096.27,0.00522904,0.0002136144,0.00501543
2024-03-01,5137.08,0.00800782,0.0002139905,0.00779383
2024-03-04,5130.95,-0.00119328,0.0002128621,-0.00140615
2024-03-05,5078.65,-0.01019304,0.0002124859,-0.01040553
2024-03-06,5104.76,0.00514113,0.0002124859,0.00492864
2024-03-07,5157.36,0.01030411,0.0002128621,0.01009125
2024-03-08,5123.69,-0.00652853,0.0002128621,-0.0067414
2024-03-11,5117.94,-0.00112224,0.0002124859,-0.00133472
2024-03-12,5175.27,0.01120177,0.0002132383,0.01098853
2024-03-13,5165.31,-0.00192454,0.0002132383,-0.00213778
2024-03-14,5150.48,-0.00287108,0.0002132383,-0.00308431
2024-03-15,5117.09,-0.00648289,0.0002132383,-0.00669613
2024-03-18,5149.42,0.00631804,0.0002132383,0.00610481
2024-03-19,5178.51,0.00564918,0.0002132383,0.00543594
2024-03-20,5224.62,0.00890411,0.0002124859,0.00869162
2024-03-21,5241.53,0.0032366,0.0002128621,0.00302374
2024-03-22,5234.18,-0.00140226,0.0002128621,-0.00161512
2024-03-25,5218.19,-0.00305492,0.0002128621,-0.00326778
2024-03-26,5203.58,-0.00279982,0.0002124859,-0.00301231
2024-03-27,5248.49,0.0086306,0.0002124859,0.00841811
2024-03-28,5254.35,0.00111651,0.0002121097,0.0009044
2024-04-01,5243.77,-0.00201357,0.0002121097,-0.00222568
2024-04-02,5205.81,-0.00723907,0.0002121097,-0.00745118
2024-04-03,5211.49,0.00109109,0.0002113571,0.00087973
2024-04-04,5147.21,-0.01233428,0.0002113571,-0.01254564
2024-04-05,5204.34,0.01109922,0.0002113571,0.01088786
2024-04-08,5202.39,-0.00037469,0.0002117334,-0.00058642
2024-04-09,5209.91,0.00144549,0.0002117334,0.00123376
2024-04-10,5160.64,-0.00945698,0.0002121097,-0.00966909
2024-04-11,5199.06,0.00744481,0.0002117334,0.00723308
2024-04-12,5123.41,-0.01455071,0.0002117334,-0.01476244
2024-04-15,5061.82,-0.01202129,0.0002121097,-0.0122334
2024-04-16,5051.41,-0.00205657,0.0002121097,-0.00226868
2024-04-17,5022.21,-0.00578056,0.0002121097,-0.00599267
2024-04-18,5011.12,-0.00220819,0.0002121097,-0.0024203
2024-04-19,4967.23,-0.00875852,0.0002121097,-0.00897063
2024-04-22,5010.6,0.00873122,0.0002121097,0.00851911
2024-04-23,5070.55,0.01196463,0.0002121097,0.01175253
2024-04-24,5071.63,0.00021299,0.0002121097,8.8e-07
2024-04-25,5048.42,-0.00457644,0.0002117334,-0.00478817
2024-04-26,5099.96,0.01020913,0.0002117334,0.0099974
2024-04-29,5116.17,0.00317846,0.0002117334,0.00296672
2024-04-30,5035.69,-0.01573052,0.0002117334,-0.01594225
2024-05-01,5018.39,-0.00343548,0.0002113571,-0.00364683
2024-05-02,5064.2,0.00912843,0.0002128621,0.00891556
2024-05-03,5127.79,0.01255677,0.0002128621,0.01234391
2024-05-06,5180.74,0.01032609,0.0002128621,0.01011322
2024-05-07,5187.7,0.00134344,0.0002128621,0.00113058
2024-05-08,5187.67,-5.78e-06,0.0002128621,-0.00021865
2024-05-09,5214.08,0.00509092,0.0002128621,0.00487806
2024-05-10,5222.68,0.00164938,0.0002128621,0.00143652
2024-05-13,5221.42,-0.00024126,0.0002124859,-0.00045374
2024-05-14,5246.68,0.00483776,0.0002124859,0.00462528
2024-05-15,5308.15,0.01171598,0.0002121097,0.01150387
2024-05-16,5297.1,-0.0020817,0.0002128621,-0.00229457
2024-05-17,5303.27,0.00116479,0.0002124859,0.0009523
2024-05-20,5308.13,0.00091642,0.0002124859,0.00070393
2024-05-21,5321.41,0.00250182,0.0002124859,0.00228934
2024-05-22,5307.01,-0.00270605,0.0002121097,-0.00291816
2024-05-23,5267.84,-0.0073808,0.0002128621,-0.00759367
2024-05-24,5304.72,0.00700097,0.0002147426,0.00678623
2024-05-28,5306.04,0.00024883,0.0002124859,3.635e-05
2024-05-29,5266.95,-0.00736708,0.0002124859,-0.00757956
2024-05-30,5235.48,-0.005975,0.0002117334,-0.00618673
2024-05-31,5277.51,0.00802792,0.0002117334,0.00781618
2024-06-03,5283.4,0.00111606,0.0002121097,0.00090395
2024-06-04,5291.34,0.00150282,0.0002117334,0.00129109
2024-06-05,5354.03,0.01184766,0.0002117334,0.01163593
2024-06-06,5352.96,-0.00019985,0.0002117334,-0.00041158
2024-06-07,5346.99,-0.00111527,0.0002113571,-0.00132663
2024-06-10,5360.79,0.00258089,0.0002113571,0.00236953
2024-06-11,5375.32,0.00271042,0.0002109808,0.00249944
2024-06-12,5421.03,0.00850368,0.0002113571,0.00829232
2024-06-13,5433.74,0.00234457,0.0002113571,0.00213322
2024-06-14,5431.6,-0.00039384,0.0002113571,-0.00060519
2024-06-17,5473.23,0.00766441,0.0002106044,0.0074538
2024-06-18,5487.03,0.00252136,0.000208722,0.00231264
2024-06-20,5473.17,-0.00252596,0.0002094751,-0.00273543
2024-06-21,5464.62,-0.00156217,0.0002094751,-0.00177164
2024-06-24,5447.87,-0.00306517,0.0002094751,-0.00327465
2024-06-25,5469.3,0.00393365,0.0002098515,0.0037238
2024-06-26,5477.9,0.00157241,0.000210228,0.00136219
2024-06-27,5482.87,0.00090728,0.0002117334,0.00069555
2024-06-28,5460.48,-0.00408363,0.0002113571,-0.00429498
2024-07-01,5475.09,0.00267559,0.0002117334,0.00246386
2024-07-02,5509.01,0.00619533,0.0002117334,0.0059836
2024-07-03,5537.02,0.0050844,0.0002121097,0.00487229
2024-07-05,5567.19,0.00544878,0.0002117334,0.00523705
2024-07-08,5572.85,0.00101667,0.0002117334,0.00080494
2024-07-09,5576.98,0.00074109,0.0002106044,0.00053049
2024-07-10,5633.91,0.01020803,0.0002109808,0.00999705
2024-07-11,5584.54,-0.00876301,0.0002117334,-0.00897474
2024-07-12,5615.35,0.00551702,0.0002113571,0.00530566
2024-07-15,5631.22,0.00282618,0.0002117334,0.00261445
2024-07-16,5667.2,0.00638938,0.0002117334,0.00617765
2024-07-17,5588.27,-0.01392751,0.0002113571,-0.01413887
2024-07-18,5544.59,-0.00781637,0.0002117334,-0.00802811
2024-07-19,5505.0,-0.00714029,0.0002117334,-0.00735203
2024-07-22,5564.41,0.01079201,0.0002121097,0.0105799
2024-07-23,5555.74,-0.00155812,0.0002121097,-0.00177023
2024-07-24,5427.13,-0.02314903,0.0002124859,-0.02336152
2024-07-25,5399.22,-0.00514268,0.0002121097,-0.00535479
2024-07-26,5459.1,0.01109049,0.0002121097,0.01087838
2024-07-29,5463.54,0.00081332,0.0002124859,0.00060083
2024-07-30,5436.44,-0.00496015,0.0002124859,-0.00517264
2024-07-31,5522.3,0.01579342,0.0002121097,0.01558131
2024-08-01,5446.68,-0.01369357,0.0002143666,-0.01390794
2024-08-02,5346.56,-0.01838184,0.0002139905,-0.01859583
2024-08-05,5186.33,-0.0299688,0.0002132383,-0.03018204
2024-08-06,5240.03,0.01035414,0.0002124859,0.01014166
2024-08-07,5199.5,-0.00773469,0.0002124859,-0.00794717
2024-08-08,5319.31,0.0230426,0.0002143666,0.02282823
2024-08-09,5344.16,0.00467166,0.0002139905,0.00445767
2024-08-12,5344.39,4.304e-05,0.0002136144,-0.00017058
2024-08-13,5434.43,0.01684757,0.0002117334,0.01663584
2024-08-14,5455.21,0.00382377,0.0002121097,0.00361166
2024-08-15,5543.22,0.0161332,0.0002136144,0.01591959
2024-08-16,5554.25,0.00198982,0.0002136144,0.0017762
2024-08-19,5608.25,0.00972228,0.0002128621,0.00950942
2024-08-20,5597.12,-0.00198458,0.0002117334,-0.00219631
2024-08-21,5620.85,0.00423968,0.0002106044,0.00402908
2024-08-22,5570.64,-0.00893281,0.0002128621,-0.00914567
2024-08-23,5634.61,0.01148342,0.0002128621,0.01127056
2024-08-26,5616.84,-0.00315372,0.0002121097,-0.00336583
2024-08-27,5625.8,0.0015952,0.0002121097,0.00138309
2024-08-28,5592.18,-0.00597604,0.0002113571,-0.0061874
2024-08-29,5591.96,-3.934e-05,0.000208722,-0.00024806
2024-08-30,5648.4,0.01009306,0.0002090985,0.00988396
2024-09-03,5528.93,-0.02115112,0.0002079688,-0.02135909
2024-09-04,5520.07,-0.00160248,0.0002060851,-0.00180857
2024-09-05,5503.41,-0.00301808,0.0002049545,-0.00322303
2024-09-06,5408.42,-0.01726021,0.0002042005,-0.01746441
2024-09-09,5471.05,0.01158009,0.0002030694,0.01137702
2024-09-10,5495.52,0.00447263,0.0002004287,0.0042722
2024-09-11,5554.13,0.01066505,0.0002015607,0.01046349
2024-09-12,5595.76,0.00749532,0.0002004287,0.00729489
2024-09-13,5626.02,0.00540767,0.0001992965,0.00520837
2024-09-16,5633.09,0.00125666,0.0001977864,0.00105887
2024-09-17,5634.58,0.00026451,0.0001955201,6.899e-05
2024-09-18,5618.26,-0.0028964,0.000190227,-0.00308663
2024-09-19,5713.64,0.01697679,0.0001894703,0.01678732
2024-09-20,5702.55,-0.00194097,0.0001887134,-0.00212968
2024-09-23,5718.57,0.00280927,0.0001879564,0.00262131
2024-09-24,5732.93,0.00251112,0.0001853058,0.00232581
2024-09-25,5722.26,-0.00186118,0.0001856845,-0.00204686
2024-09-26,5745.37,0.00403861,0.0001898487,0.00384877
2024-09-27,5738.17,-0.00125318,0.0001898487,-0.00144303
2024-09-30,5762.48,0.00423654,0.0001909836,0.00404556
2024-10-01,5708.75,-0.00932411,0.0001921182,-0.00951623
2024-10-02,5709.54,0.00013838,0.0001906053,-5.222e-05
2024-10-03,5699.94,-0.0016814,0.0001932525,-0.00187465
2024-10-04,5751.07,0.00897027,0.0001940085,0.00877626
2024-10-07,5695.94,-0.00958604,0.0001936305,-0.00977967
2024-10-08,5751.13,0.00968936,0.0001921182,0.00949724
2024-10-09,5792.04,0.00711338,0.0001909836,0.0069224
2024-10-10,5780.05,-0.00207008,0.0001928744,-0.00226296
2024-10-11,5815.03,0.00605185,0.0001924963,0.00585935
2024-10-14,5859.85,0.00770761,,
2024-10-15,5815.26,-0.00760941,0.0001909836,-0.00780039
2024-10-16,5842.47,0.00467907,0.000190227,0.00448884
2024-10-17,5841.47,-0.00017116,0.0001909836,-0.00036214
2024-10-18,5864.67,0.0039716,0.0001906053,0.003781
2024-10-21,5853.98,-0.00182278,0.0001906053,-0.00201338
2024-10-22,5851.2,-0.00047489,0.0001894703,-0.00066436
2024-10-23,5797.42,-0.00919128,0.0001890919,-0.00938037
2024-10-24,5809.86,0.00214578,0.0001887134,0.00195707
2024-10-25,5808.12,-0.00029949,0.0001894703,-0.00048896
2024-10-28,5823.52,0.00265146,0.0001890919,0.00246237
2024-10-29,5832.92,0.00161414,0.0001890919,0.00142505
2024-10-30,5813.67,-0.00330023,0.0001887134,-0.00348895
2024-10-31,5705.45,-0.01861475,0.0001845481,-0.0187993
2024-11-01,5728.8,0.00409258,0.0001841692,0.00390841
2024-11-04,5712.69,-0.00281211,0.0001841692,-0.00299628
2024-11-05,5782.76,0.01226568,0.0001830324,0.01208264
2024-11-06,5929.04,0.02529588,0.000181516,0.02511436
2024-11-07,5973.1,0.00743122,0.0001818952,0.00724932
2024-11-08,5995.54,0.00375684,0.0001822743,0.00357457
2024-11-11,6001.35,0.00096905,,
2024-11-12,5983.99,-0.00289268,0.0001822743,-0.00307496
2024-11-13,5985.38,0.00023229,0.0001818952,5.039e-05
2024-11-14,5949.17,-0.00604974,0.0001822743,-0.00623202
2024-11-15,5870.62,-0.01320352,0.0001822743,-0.0133858
2024-11-18,5893.62,0.00391781,0.0001822743,0.00373554
2024-11-19,5916.98,0.00396361,0.0001811369,0.00378247
2024-11-20,5917.11,2.197e-05,0.000181516,-0.00015955
2024-11-21,5948.71,0.00534044,0.0001830324,0.00515741
2024-11-22,5969.34,0.00346798,0.0001830324,0.00328495
2024-11-25,5987.37,0.00302043,0.0001837903,0.00283664
2024-11-26,6021.63,0.00572204,0.0001837903,0.00553825
2024-11-27,5998.74,-0.0038013,0.0001845481,-0.00398584
2024-11-29,6032.38,0.00560784,0.0001845481,0.0054233
2024-12-02,6047.15,0.00244845,0.0001841692,0.00226428
2024-12-03,6049.88,0.00045145,0.0001807577,0.00027069
2024-12-04,6086.49,0.00605136,0.0001803784,0.00587098
2024-12-05,6075.11,-0.00186971,0.0001781022,-0.00204782
2024-12-06,6090.27,0.00249543,0.0001773432,0.00231808
2024-12-09,6052.85,-0.00614423,0.0001769636,-0.00632119
2024-12-10,6034.91,-0.00296389,0.0001758247,-0.00313972
2024-12-11,6084.19,0.00816582,0.0001743056,0.00799152
2024-12-12,6051.25,-0.00541403,0.0001720259,-0.00558606
2024-12-13,6051.09,-2.644e-05,0.0001720259,-0.00019847
2024-12-16,6074.08,0.00379932,0.0001720259,0.00362729
2024-12-17,6050.61,-0.00386396,0.0001731659,-0.00403713
2024-12-18,5872.16,-0.02949289,0.000172406,-0.0296653
2024-12-19,5867.08,-0.0008651,0.0001716458,-0.00103674
2024-12-20,5930.85,0.01086912,0.0001720259,0.01069709
2024-12-23,5974.07,0.00728732,0.000172406,0.00711491
2024-12-24,6040.04,0.01104272,0.000172406,0.01087032
2024-12-26,6037.59,-0.00040563,0.000172786,-0.00057841
2024-12-27,5970.84,-0.01105574,0.000172406,-0.01122814
2024-12-30,5906.94,-0.01070201,0.0001720259,-0.01087404
2024-12-31,5881.63,-0.00428479,0.0001708856,-0.00445568
2025-01-02,5868.55,-0.00222387,0.000172786,-0.00239666
2025-01-03,5942.47,0.01259596,0.000172406,0.01242355
2025-01-06,5975.38,0.0055381,0.0001720259,0.00536608
2025-01-07,5909.03,-0.0111039,0.0001716458,-0.01127554
2025-01-08,5918.25,0.00156032,0.0001712657,0.00138906
2025-01-10,5827.04,-0.01541165,0.0001716458,-0.0155833
2025-01-13,5836.22,0.00157541,0.0001716458,0.00140377
2025-01-14,5842.91,0.00114629,0.0001716458,0.00097464
2025-01-15,5949.91,0.01831279,0.0001708856,0.01814191
2025-01-16,5937.34,-0.00211264,0.0001720259,-0.00228466
2025-01-17,5996.66,0.00999101,0.0001720259,0.00981898
2025-01-21,6049.24,0.00876821,0.0001716458,0.00859657
2025-01-22,6086.37,0.00613796,0.0001716458,0.00596632
2025-01-23,6118.71,0.00531351,0.000172786,0.00514073
2025-01-24,6101.24,-0.00285518,0.000172786,-0.00302796
2025-01-27,6012.28,-0.01458064,0.000172406,-0.01475305
2025-01-28,6067.7,0.0092178,0.000172406,0.00904539
2025-01-29,6039.31,-0.00467887,0.0001720259,-0.0048509
2025-01-30,6071.17,0.00527544,0.0001697449,0.00510569
2025-01-31,6040.53,-0.0050468,0.0001697449,-0.00521655
2025-02-03,5994.57,-0.0076086,0.0001697449,-0.00777835
2025-02-04,6037.88,0.00722487,0.0001693646,0.00705551
2025-02-05,6061.48,0.00390866,0.0001689843,0.00373967
2025-02-06,6083.57,0.00364432,0.0001697449,0.00347458
2025-02-07,6025.99,-0.00946484,0.0001697449,-0.00963458
2025-02-10,6066.44,0.00671259,0.0001701252,0.00654246
2025-02-11,6068.5,0.00033957,0.0001701252,0.00016945
2025-02-12,6051.97,-0.0027239,0.0001701252,-0.00289403
2025-02-13,6115.07,0.01042636,0.0001697449,0.01025661
2025-02-14,6114.63,-7.195e-05,0.0001697449,-0.0002417
2025-02-18,6129.58,0.00244496,0.0001701252,0.00227483
2025-02-19,6144.15,0.002377,0.0001701252,0.00220687
2025-02-20,6117.52,-0.0043342,0.0001697449,-0.00450395
2025-02-21,6013.13,-0.0170641,0.0001693646,-0.01723347
2025-02-24,5983.25,-0.00496913,0.0001693646,-0.00513849
2025-02-25,5955.25,-0.00467973,0.0001686039,-0.00484833
2025-02-26,5956.06,0.00013601,0.0001689843,-3.297e-05
2025-02-27,5861.57,-0.01586451,0.0001701252,-0.01603464
2025-02-28,5954.5,0.01585411,0.0001701252,0.01568399
2025-03-03,5849.72,-0.01759678,0.0001701252,-0.0177669
2025-03-04,5778.15,-0.01223477,0.0001705054,-0.01240528
2025-03-05,5842.63,0.01115928,0.0001701252,0.01098916
2025-03-06,5738.52,-0.01781903,0.0001701252,-0.01798916
2025-03-07,5770.2,0.00552059,0.0001701252,0.00535046
2025-03-10,5614.56,-0.02697307,0.0001697449,-0.02714281
2025-03-11,5572.07,-0.00756782,0.0001697449,-0.00773757
2025-03-12,5599.3,0.00488687,0.0001693646,0.00471751
2025-03-13,5521.52,-0.01389102,0.0001697449,-0.01406077
2025-03-14,5638.94,0.02126588,0.0001697449,0.02109614
2025-03-17,5675.12,0.0064161,0.0001697449,0.00624635
2025-03-18,5614.66,-0.01065352,0.0001697449,-0.01082326
2025-03-19,5675.29,0.01079852,0.0001697449,0.01062877
2025-03-20,5662.89,-0.00218491,0.0001693646,-0.00235428
2025-03-21,5667.56,0.00082467,0.0001693646,0.0006553
2025-03-24,5767.57,0.01764604,0.0001689843,0.01747706
2025-03-25,5776.65,0.00157432,0.0001693646,0.00140496
2025-03-26,5712.2,-0.01115699,0.0001693646,-0.01132635
2025-03-27,5693.31,-0.00330696,0.0001697449,-0.0034767
2025-03-28,5580.94,-0.0197372,0.0001701252,-0.01990733
2025-03-31,5611.85,0.00553849,0.0001701252,0.00536837
2025-04-01,5633.07,0.00378128,0.0001701252,0.00361116
2025-04-02,5670.97,0.00672813,0.0001701252,0.006558
2025-04-03,5396.52,-0.0483956,0.0001693646,-0.04856497
2025-04-04,5074.08,-0.05974962,0.0001693646,-0.05991898
2025-04-07,5062.25,-0.00233146,0.0001693646,-0.00250082
2025-04-08,4982.77,-0.01570053,0.0001693646,-0.01586989
2025-04-09,5456.9,0.0951539,0.0001693646,0.09498454
2025-04-10,5268.05,-0.03460756,0.0001693646,-0.03477693
2025-04-11,5363.36,0.01809208,0.0001697449,0.01792234
2025-04-14,5405.97,0.00794465,0.0001686039,0.00777604
2025-04-15,5396.63,-0.00172772,0.0001689843,-0.0018967
2025-04-16,5275.7,-0.02240843,0.0001689843,-0.02257741
2025-04-17,5282.7,0.00132684,0.0001693646,0.00115747
2025-04-21,5158.2,-0.02356749,0.0001689843,-0.02373648
2025-04-22,5287.76,0.02511729,0.0001682235,0.02494907
2025-04-23,5375.86,0.01666112,0.0001682235,0.0164929
2025-04-24,5484.77,0.02025908,0.0001686039,0.02009048
2025-04-25,5525.21,0.00737314,0.0001686039,0.00720454
2025-04-28,5528.75,0.0006407,0.0001689843,0.00047172
2025-04-29,5560.83,0.0058024,0.0001689843,0.00563341
2025-04-30,5569.06,0.00147999,0.0001689843,0.00131101
2025-05-01,5604.14,0.00629909,0.0001701252,0.00612896
2025-05-02,5686.67,0.01472661,0.0001701252,0.01455649
2025-05-05,5650.38,-0.00638159,0.0001701252,-0.00655172
2025-05-06,5606.91,-0.00769329,0.0001697449,-0.00786303
2025-05-07,5631.28,0.00434642,0.0001697449,0.00417668
2025-05-08,5663.94,0.00579975,0.0001697449,0.00563
2025-05-09,5659.91,-0.00071152,0.0001697449,-0.00088126
2025-05-12,5844.19,0.03255882,0.0001701252,0.0323887
2025-05-13,5886.55,0.00724822,0.0001705054,0.00707772
2025-05-14,5892.58,0.00102437,0.0001705054,0.00085386
2025-05-15,5916.93,0.00413232,0.0001697449,0.00396257
2025-05-16,5958.38,0.00700532,0.0001697449,0.00683558
2025-05-19,5963.6,0.00087608,0.0001697449,0.00070633
2025-05-20,5940.46,-0.00388021,0.0001693646,-0.00404957
2025-05-21,5844.61,-0.01613511,0.0001689843,-0.0163041
2025-05-22,5842.01,-0.00044485,0.0001697449,-0.0006146
2025-05-23,5802.82,-0.00670831,0.0001693646,-0.00687767
2025-05-27,5921.54,0.02045902,0.0001689843,0.02029003
2025-05-28,5888.55,-0.00557119,0.0001689843,-0.00574017
2025-05-29,5912.17,0.00401117,0.0001686039,0.00384257
2025-05-30,5911.69,-8.119e-05,0.0001682235,-0.00024941
2025-06-02,5935.94,0.00410204,0.0001682235,0.00393382
2025-06-03,5970.37,0.00580026,0.0001682235,0.00563204
2025-06-04,5970.81,7.37e-05,0.0001678431,-9.415e-05
2025-06-05,5939.3,-0.00527734,0.0001655597,-0.0054429
2025-06-06,6000.36,0.01028067,0.000166321,0.01011435
2025-06-09,6005.88,0.00091994,0.0001667016,0.00075324
2025-06-10,6038.81,0.00548296,0.0001667016,0.00531626
2025-06-11,6022.24,-0.00274392,0.0001670821,-0.002911
2025-06-12,6045.26,0.0038225,0.0001625131,0.00365998
2025-06-13,5976.97,-0.01129645,0.0001644175,-0.01146087
2025-06-16,6033.11,0.00939272,0.0001647983,0.00922792
2025-06-17,5982.72,-0.00835224,0.0001644175,-0.00851666
2025-06-18,5980.87,-0.00030922,0.000163275,-0.0004725
2025-06-20,5967.84,-0.00217861,0.000163275,-0.00234189
2025-06-23,6025.17,0.00960649,0.000163275,0.00944322
2025-06-24,6092.18,0.01112168,0.0001636559,0.01095802
2025-06-25,6092.16,-3.28e-06,0.0001636559,-0.00016694
2025-06-26,6141.02,0.00802014,0.0001598455,0.0078603
2025-06-27,6173.07,0.005219,0.0001628941,0.00505611
2025-06-30,6204.95,0.00516437,0.000166321,0.00499805
2025-07-01,6198.01,-0.00111846,0.0001678431,-0.0012863
2025-07-02,6227.42,0.00474507,0.0001682235,0.00457685
2025-07-03,6279.35,0.00833893,0.0001689843,0.00816994
2025-07-07,6229.98,-0.00786228,0.0001697449,-0.00803202
2025-07-08,6225.52,-0.00071589,0.0001693646,-0.00088526
2025-07-09,6263.26,0.00606214,0.0001693646,0.00589278
2025-07-10,6280.46,0.00274617,0.0001693646,0.00257681
2025-07-11,6259.75,-0.00329753,0.0001697449,-0.00346727
2025-07-14,6268.56,0.0014074,0.0001697449,0.00123766
2025-07-15,6243.76,-0.00395625,0.0001693646,-0.00412562
2025-07-16,6263.7,0.00319359,0.0001693646,0.00302422
2025-07-17,6297.36,0.00537382,0.0001693646,0.00520446
2025-07-18,6296.79,-9.051e-05,0.0001689843,-0.0002595
2025-07-21,6305.6,0.00139913,0.0001689843,0.00123014
2025-07-22,6309.62,0.00063753,0.0001697449,0.00046778
2025-07-23,6358.91,0.00781188,0.0001697449,0.00764214
2025-07-24,6363.35,0.00069823,0.0001697449,0.00052849
2025-07-25,6388.64,0.00397432,0.0001697449,0.00380458
2025-07-28,6389.77,0.00017688,0.0001708856,5.99e-06
2025-07-29,6370.86,-0.00295942,0.0001708856,-0.0031303
2025-07-30,6362.9,-0.00124944,0.0001712657,-0.0014207
2025-07-31,6339.39,-0.00369486,0.0001743056,-0.00386916
2025-08-01,6238.01,-0.01599207,0.0001743056,-0.01616638
2025-08-04,6329.94,0.01473707,0.0001739258,0.01456315
2025-08-05,6299.19,-0.00485787,0.0001743056,-0.00503217
2025-08-06,6345.06,0.00728189,0.0001739258,0.00710796
2025-08-07,6340.0,-0.00079747,0.0001743056,-0.00097178
2025-08-08,6389.45,0.00779968,0.0001739258,0.00762576
2025-08-11,6373.45,-0.00250413,0.0001731659,-0.00267729
2025-08-12,6445.76,0.0113455,0.000172406,0.0111731
2025-08-13,6466.58,0.00323003,0.000172406,0.00305762
2025-08-14,6468.54,0.0003031,0.0001739258,0.00012917
2025-08-15,6449.8,-0.0028971,0.0001739258,-0.00307102
2025-08-18,6449.15,-0.00010078,0.0001735459,-0.00027432
2025-08-19,6411.37,-0.00585814,0.0001731659,-0.0060313
2025-08-20,6395.78,-0.00243162,0.000172786,-0.0026044
2025-08-21,6370.17,-0.0040042,0.0001743056,-0.00417851
2025-08-22,6466.91,0.01518641,0.0001735459,0.01501286
2025-08-25,6439.32,-0.00426633,0.000172786,-0.00443912
2025-08-26,6465.94,0.00413398,0.0001716458,0.00396233
2025-08-27,6481.4,0.00239099,0.0001716458,0.00221934
2025-08-28,6501.86,0.00315673,0.0001716458,0.00298508
2025-08-29,6460.26,-0.00639817,0.0001712657,-0.00656943
2025-09-02,6415.54,-0.00692232,0.0001708856,-0.00709321
2025-09-03,6448.26,0.00510012,0.0001689843,0.00493113
2025-09-04,6502.08,0.00834644,0.0001682235,0.00817821
2025-09-05,6481.5,-0.00316514,0.0001667016,-0.00333184
2025-09-08,6495.15,0.00210599,0.0001655597,0.00194043
2025-09-09,6512.61,0.00268816,0.000165179,0.00252298
2025-09-10,6532.04,0.00298344,0.0001644175,0.00281903
2025-09-11,6587.47,0.00848586,0.0001640367,0.00832183
2025-09-12,6584.29,-0.00048273,0.0001647983,-0.00064753
2025-09-15,6615.28,0.00470666,0.0001640367,0.00454262
2025-09-16,6606.76,-0.00128793,0.000163275,-0.0014512
2025-09-17,6600.35,-0.00097022,0.0001621322,-0.00113235
2025-09-18,6631.96,0.00478914,0.000163275,0.00462586
2025-09-19,6664.36,0.00488543,0.0001628941,0.00472254
2025-09-22,6693.75,0.00441003,0.0001621322,0.00424789
2025-09-23,6656.92,-0.00550215,0.0001617511,-0.0056639
2025-09-24,6637.97,-0.00284666,0.0001625131,-0.00300917
2025-09-25,6604.72,-0.00500906,0.0001647983,-0.00517386
2025-09-26,6643.7,0.00590184,0.0001640367,0.0057378
2025-09-29,6661.21,0.00263558,0.0001640367,0.00247154
2025-09-30,6688.46,0.00409085,0.000163275,0.00392757
2025-10-01,6711.2,0.00339989,0.0001621322,0.00323775
2025-10-02,6715.35,0.00061837,0.0001644175,0.00045395
2025-10-03,6715.79,6.552e-05,0.0001647983,-9.928e-05
2025-10-06,6740.28,0.00364663,0.0001640367,0.00348259
2025-10-07,6714.59,-0.00381141,0.000163275,-0.00397469
2025-10-08,6753.72,0.00582761,0.000163275,0.00566433
2025-10-09,6735.11,-0.00275552,0.000163275,-0.00291879
2025-10-10,6552.51,-0.02711166,0.0001628941,-0.02727455
2025-10-13,6654.72,0.0155986,,
2025-10-14,6644.31,-0.0015643,0.0001628941,-0.0017272
2025-10-15,6671.06,0.004026,0.000163275,0.00386273
2025-10-16,6629.07,-0.00629435,0.000163275,-0.00645763
2025-10-17,6664.01,0.00527072,0.0001625131,0.00510821
2025-10-20,6735.13,0.01067225,0.0001613701,0.01051088
2025-10-21,6735.35,3.266e-05,0.0001602267,-0.00012756
2025-10-22,6699.4,-0.00533751,0.0001598455,-0.00549736
2025-10-23,6738.44,0.00582739,0.0001602267,0.00566716
2025-10-24,6791.69,0.00790242,0.0001598455,0.00774258
2025-10-27,6875.16,0.01229002,0.000159083,0.01213094
2025-10-28,6890.89,0.00228795,0.0001583203,0.00212963
2025-10-29,6890.59,-4.354e-05,0.0001567946,-0.00020033
2025-10-30,6822.34,-0.00990481,0.0001575575,-0.01006237
2025-10-31,6840.2,0.00261787,0.0001579389,0.00245993
2025-11-03,6851.97,0.00172071,0.0001579389,0.00156277
2025-11-04,6771.55,-0.01173677,0.000156413,-0.01189318
2025-11-05,6796.29,0.00365352,0.0001556499,0.00349787
2025-11-06,6720.32,-0.01117816,0.000156413,-0.01133457
2025-11-07,6728.8,0.00126184,0.0001560315,0.00110581
2025-11-10,6832.43,0.01540096,0.0001571761,0.01524379
2025-11-11,6846.61,0.0020754,,
2025-11-12,6850.92,0.00062951,0.0001567946,0.00047271
2025-11-13,6737.49,-0.0165569,0.0001575575,-0.01671446
2025-11-14,6734.11,-0.00050167,0.0001571761,-0.00065885
2025-11-17,6672.41,-0.00916231,0.0001571761,-0.00931949
2025-11-18,6617.32,-0.00825639,0.000156413,-0.0084128
2025-11-19,6642.16,0.00375379,0.0001560315,0.00359775
2025-11-20,6538.76,-0.01556723,0.0001571761,-0.0157244
2025-11-21,6602.99,0.00982296,0.0001567946,0.00966617
2025-11-24,6705.12,0.01546724,0.0001567946,0.01531044
2025-11-25,6765.88,0.00906173,0.0001571761,0.00890456
2025-11-26,6812.61,0.00690671,0.0001579389,0.00674878
2025-11-28,6849.09,0.00535478,0.0001575575,0.00519722
2025-12-01,6812.63,-0.00532333,0.0001548865,-0.00547822
2025-12-02,6829.37,0.0024572,0.0001518318,0.00230537
2025-12-03,6849.72,0.00297978,0.000149157,0.00283062
2025-12-04,6857.12,0.00108034,0.000149157,0.00093118
2025-12-05,6870.4,0.00193667,0.0001487747,0.0017879
2025-12-08,6846.51,-0.00347724,0.0001487747,-0.00362601
2025-12-09,6840.51,-0.00087636,0.0001483924,-0.00102475
2025-12-10,6886.68,0.0067495,0.0001476277,0.00660187
2025-12-11,6901.0,0.00207938,0.0001468629,0.00193251
2025-12-12,6827.41,-0.01066367,0.0001464804,-0.01081015
2025-12-15,6816.51,-0.00159651,0.0001468629,-0.00174337
2025-12-16,6800.26,-0.00238392,0.0001464804,-0.0025304
2025-12-17,6721.43,-0.0115922,0.0001453327,-0.01173754
2025-12-18,6774.76,0.00793432,0.0001445674,0.00778976
2025-12-19,6834.5,0.00881802,0.0001445674,0.00867346
2025-12-22,6878.49,0.00643646,0.0001449501,0.00629151
2025-12-23,6909.79,0.00455042,0.0001445674,0.00440585
2025-12-24,6932.05,0.00322152,0.0001449501,0.00307657
2025-12-26,6929.94,-0.00030438,0.0001441847,-0.00044857
2025-12-29,6905.74,-0.00349209,0.000143802,-0.0036359
2025-12-30,6896.24,-0.00137567,0.0001422706,-0.00151794
2025-12-31,6845.5,-0.00735763,0.0001457153,-0.00750335
2026-01-02,6858.47,0.00189468,0.0001449501,0.00174973
2026-01-05,6902.05,0.00635419,0.0001445674,0.00620962
2026-01-06,6944.82,0.00619671,0.0001441847,0.00605252
2026-01-07,6920.93,-0.00343997,0.0001441847,-0.00358416
2026-01-08,6921.46,7.658e-05,0.0001441847,-6.761e-05
2026-01-09,6966.28,0.00647551,0.0001441847,0.00633133
2026-01-12,6977.27,0.0015776,0.0001445674,0.00143303
2026-01-13,6963.74,-0.00193915,0.0001449501,-0.0020841
2026-01-14,6926.6,-0.00533334,0.0001449501,-0.00547829
2026-01-15,6944.47,0.00257991,0.0001460979,0.00243381
2026-01-16,6940.01,-0.00064224,0.0001460979,-0.00078834
2026-01-20,6796.86,-0.02062677,0.0001460979,-0.02077287
2026-01-21,6875.62,0.0115877,0.0001460979,0.01144161
2026-01-22,6913.35,0.00548751,0.0001476277,0.00533988
2026-01-23,6915.61,0.0003269,0.0001472453,0.00017966
2026-01-26,6950.23,0.00500607,0.0001468629,0.0048592
2026-01-27,6978.6,0.00408188,0.0001468629,0.00393502
2026-01-28,6978.03,-8.168e-05,0.0001464804,-0.00022816
2026-01-29,6969.01,-0.00129263,0.0001449501,-0.00143758
2026-01-30,6939.03,-0.0043019,0.0001449501,-0.00444685
2026-02-02,6976.44,0.00539124,0.0001449501,0.00524629
2026-02-03,6917.81,-0.008404,0.0001449501,-0.00854895
2026-02-04,6882.72,-0.00507241,0.0001449501,-0.00521736
2026-02-05,6798.4,-0.01225097,0.0001449501,-0.01239592
2026-02-06,6932.3,0.01969581,0.0001449501,0.01955086
2026-02-09,6964.82,0.00469108,0.0001449501,0.00454613
2026-02-10,6941.81,-0.00330375,0.0001449501,-0.0034487
2026-02-11,6941.47,-4.898e-05,0.0001445674,-0.00019355
2026-02-12,6832.76,-0.01566095,0.0001449501,-0.0158059
2026-02-13,6836.17,0.00049907,0.0001449501,0.00035412
2026-02-17,6843.22,0.00103128,0.0001449501,0.00088633
2026-02-18,6881.31,0.00556609,0.0001445674,0.00542153
2026-02-19,6861.89,-0.00282214,0.0001449501,-0.00296709
2026-02-20,6909.51,0.00693978,0.0001449501,0.00679483
2026-02-23,6837.75,-0.01038569,0.0001449501,-0.01053064
2026-02-24,6890.07,0.00765164,0.0001449501,0.00750669
2026-02-25,6946.13,0.00813635,0.0001445674,0.00799178
2026-02-26,6908.86,-0.00536558,0.0001457153,-0.00551129
2026-02-27,6878.88,-0.00433936,0.0001457153,-0.00448507
2026-03-02,6881.62,0.00039832,0.0001457153,0.00025261
2026-03-03,6816.63,-0.009444,0.0001460979,-0.0095901
2026-03-04,6869.5,0.00775603,0.0001460979,0.00760993
2026-03-05,6830.71,-0.0056467,0.0001460979,-0.0057928
2026-03-06,6740.02,-0.0132768,0.0001460979,-0.0134229
2026-03-09,6795.99,0.00830413,0.0001460979,0.00815803
2026-03-10,6781.48,-0.00213508,0.0001460979,-0.00228118
2026-03-11,6775.8,-0.00083758,0.0001460979,-0.00098367
2026-03-12,6672.62,-0.01522772,0.0001464804,-0.0153742
2026-03-13,6632.19,-0.00605909,0.0001460979,-0.00620519
2026-03-16,6699.38,0.01013089,0.0001460979,0.00998479
2026-03-17,6716.09,0.00249426,0.0001457153,0.00234855
2026-03-18,6624.7,-0.01360762,0.0001453327,-0.01375295
2026-03-19,6606.49,-0.0027488,0.0001453327,-0.00289414
2026-03-20,6506.48,-0.01513814,0.0001453327,-0.01528348
2026-03-23,6581.0,0.0114532,0.0001453327,0.01130786
2026-03-24,6556.37,-0.00374259,0.0001457153,-0.00388831
2026-03-25,6591.9,0.00541916,0.0001453327,0.00527382
2026-03-26,6477.16,-0.01740621,0.0001457153,-0.01755193
2026-03-27,6368.85,-0.01672183,0.0001457153,-0.01686755
2026-03-30,6343.72,-0.00394577,0.0001457153,-0.00409148
2026-03-31,6528.52,0.02913117,0.0001457153,0.02898546
2026-04-01,6575.32,0.00716855,0.0001457153,0.00702283
2026-04-02,6582.69,0.00112086,0.0001449501,0.00097591
2026-04-06,6611.83,0.00442676,0.0001449501,0.00428181
2026-04-07,6616.85,0.00075925,0.0001434192,0.00061583
2026-04-08,6782.81,0.02508142,0.0001430364,0.02493838
2026-04-09,6824.66,0.00617001,0.0001426535,0.00602736
2026-04-10,6816.89,-0.00113852,0.0001430364,-0.00128155
2026-04-13,6886.24,0.01017326,0.000143802,0.01002946
2026-04-14,6967.38,0.01178292,0.0001445674,0.01163835
2026-04-15,7022.95,0.00797574,0.0001449501,0.00783079
2026-04-16,7041.28,0.00261001,0.000143802,0.00246621
2026-04-17,7126.06,0.01204042,0.000143802,0.01189662
2026-04-20,7109.14,-0.00237438,0.000143802,-0.00251819
2026-04-21,7064.01,-0.00634817,0.0001430364,-0.0064912
2026-04-22,7137.9,0.01046006,0.0001434192,0.01031665
2026-04-23,7108.4,-0.00413287,0.000143802,-0.00427667
2026-04-24,7165.08,0.00797366,0.000143802,0.00782986
2026-04-27,7173.91,0.00123237,0.0001441847,0.00108818
2026-04-28,7138.8,-0.00489412,0.0001434192,-0.00503754
2026-04-29,7135.95,-0.00039923,0.0001434192,-0.00054265
2026-04-30,7209.01,0.0102383,0.0001449501,0.01009335
2026-05-01,7230.12,0.00292828,0.0001445674,0.00278371
2026-05-04,7200.75,-0.00406217,0.0001445674,-0.00420674
2026-05-05,7259.22,0.00811999,0.0001441847,0.0079758
2026-05-06,7365.12,0.01458834,0.0001441847,0.01444416
2026-05-07,7337.11,-0.00380306,0.0001449501,-0.00394801
2026-05-08,7398.93,0.00842566,0.0001445674,0.00828109
2026-05-11,7412.84,0.00188,0.0001445674,0.00173543
2026-05-12,7400.96,-0.00160262,0.0001445674,-0.00174719
2026-05-13,7444.25,0.00584924,0.0001445674,0.00570467
2026-05-14,7501.24,0.00765557,0.0001449501,0.00751062
2026-05-15,7408.5,-0.01236329,0.0001445674,-0.01250786
2026-05-18,7403.05,-0.00073564,0.000143802,-0.00087944
2026-05-19,7353.61,-0.00667833,0.0001426535,-0.00682098
2026-05-20,7432.97,0.01079198,0.0001422706,0.01064971
2026-05-21,7445.72,0.00171533,0.0001449501,0.00157038
2026-05-22,7473.47,0.00372697,0.0001449501,0.00358202
2026-05-26,7519.12,0.00610827,0.0001449501,0.00596332
2026-05-27,7520.36,0.00016491,0.0001449501,1.996e-05
2026-05-28,7563.63,0.00575371,0.0001449501,0.00560876
2026-05-29,7580.06,0.00217224,0.0001449501,0.00202729
2026-06-01,7599.96,0.00262531,0.0001449501,0.00248036
2026-06-02,7609.78,0.00129211,0.0001449501,0.00114716
2026-06-03,7553.68,-0.00737209,0.0001445674,-0.00751666
2026-06-04,7584.31,0.00405498,0.0001445674,0.00391041
2026-06-05,7383.74,-0.02644539,0.0001445674,-0.02658995
2026-06-08,7405.73,0.00297817,0.0001441847,0.00283398
2026-06-09,7386.65,-0.00257638,0.000143802,-0.00272019
2026-06-10,7266.99,-0.0161995,0.000143802,-0.0163433
2026-06-11,7394.3,0.01751895,0.000143802,0.01737514
2026-06-12,7431.46,0.00502549,0.000143802,0.00488169
2026-06-15,7554.29,0.01652838,0.000143802,0.01638458
2026-06-16,7511.35,-0.00568419,0.0001430364,-0.00582722
2026-06-17,7420.1,-0.01214828,0.0001434192,-0.0122917
2026-06-18,7500.58,0.01084622,0.000143802,0.01070241
2026-06-22,7472.79,-0.00370505,0.0001426535,-0.0038477
2026-06-23,7365.46,-0.01436277,0.0001422706,-0.01450505
2026-06-24,7358.22,-0.00098297,0.0001426535,-0.00112562
2026-06-25,7357.49,-9.921e-05,0.0001441847,-0.00024339
2026-06-26,7354.02,-0.00047163,0.0001441847,-0.00061581
2026-06-29,7440.43,0.01175004,0.0001445674,0.01160547
2026-06-30,7499.36,0.00792024,0.0001441847,0.00777606
2026-07-01,7483.23,-0.00215085,0.0001430364,-0.00229389
2026-07-02,7483.24,1.34e-06,0.0001441847,-0.00014285
2026-07-06,7537.43,0.00724152,0.000143802,0.00709771
2026-07-07,7503.85,-0.0044551,0.000143802,-0.0045989
2026-07-08,7482.71,-0.00281722,0.0001430364,-0.00296026
2026-07-09,7543.64,0.00814277,0.0001449501,0.00799782
2026-07-10,7575.39,0.00420884,0.0001445674,0.00406428
2026-07-13,7515.34,-0.00792698,0.0001453327,-0.00807232
2026-07-14,7543.59,0.00375898,0.0001453327,0.00361365
2026-07-15,7572.4,0.00381914,0.0001453327,0.0036738
2026-07-16,7533.77,-0.00510142,0.0001464804,-0.0052479
2026-07-17,7457.69,-0.01009853,0.0001453327,-0.01024386
2026-07-20,7443.28,-0.00193223,0.0001449501,-0.00207718
2026-07-21,7509.2,0.00885631,0.0001460979,0.00871021
2026-07-22,7498.96,-0.00136366,0.0001464804,-0.00151014
2026-07-23,7408.3,-0.01208968,0.0001487747,-0.01223845
2026-07-24,7411.98,0.00049674,0.0001480101,0.00034873
2026-07-27,7413.18,0.0001619,0.0001480101,1.389e-05
2026-07-28,7428.78,0.00210436,0.0001464804,0.00195788
2026-07-29,7316.15,-0.01516131,0.0001453327,-0.01530664
2026-07-30,7437.63,0.01660436,0.0001476277,0.01645673
2026-07-31,7489.72,0.00700358,0.0001472453,0.00685633
2026-08-03,7600.5,0.01479094,0.0001476277,0.01464331
2026-08-04,7736.52,0.01789619,0.0001472453,0.01774895
2026-08-05,7723.55,-0.00167646,0.0001468629,-0.00182333
2026-08-06,7709.96,-0.00175955,0.0001480101,-0.00190756
2026-08-07,7757.64,0.00618421,0.0001476277,0.00603658
2026-08-10,7753.11,-0.00058394,0.0001476277,-0.00073157
2026-08-11,7728.2,-0.0032129,0.0001476277,-0.00336053
2026-08-12,7748.5,0.00262674,0.0001472453,0.0024795
2026-08-13,7798.99,0.0065161,0.0001476277,0.00636847
2026-08-14,7785.76,-0.00169637,0.0001476277,-0.001844
2026-08-17,7745.06,-0.00522749,0.0001476277,-0.00537512
2026-08-18,7691.76,-0.00688181,0.0001472453,-0.00702905
2026-08-19,7707.98,0.00210875,0.0001468629,0.00196189
2026-08-20,7641.16,-0.00866894,0.0001480101,-0.00881695
2026-08-21,7674.37,0.0043462,0.0001480101,0.00419819
2026-08-24,7652.86,-0.00280284,0.0001476277,-0.00295046
2026-08-25,7677.28,0.00319096,0.0001476277,0.00304334
2026-08-26,7675.7,-0.0002058,0.0001480101,-0.00035381
2026-08-27,7730.99,0.00720325,0.0001483924,0.00705486
2026-08-28,7711.76,-0.00248739,0.0001495392,-0.00263693
2026-08-31,7686.14,-0.0033222,0.0001499214,-0.00347212
2026-09-01,7631.47,-0.0071128,0.0001499214,-0.00726272
2026-09-02,7666.6,0.00460331,0.000149157,0.00445415
2026-09-03,7747.71,0.01057966,0.000149157,0.0104305
2026-09-04,7718.6,-0.00375724,0.0001476277,-0.00390487
2026-09-08,7673.52,-0.00584044,0.0001483924,-0.00598883
2026-09-09,7636.36,-0.00484263,0.0001483924,-0.00499102
2026-09-10,7591.7,-0.00584834,0.0001522138,-0.00600055
2026-09-11,7656.98,0.00859886,0.0001529776,0.00844589
2026-09-14,7619.98,-0.00483219,0.0001533595,-0.00498555
2026-09-15,7585.73,-0.00449476,0.0001529776,-0.00464774
2026-09-16,7551.81,-0.00447155,0.0001541231,-0.00462568
2026-09-17,7637.76,0.01138138,0.0001545048,0.01122687
